movie_id,tmdb_id,imdb_link,title,release_date,imdb_rating,poster,director_id,runtime,description
1,278,https://www.imdb.com/title/tt0111161,"The Shawshank Redemption",1994-09-23,9.3,https://image.tmdb.org/t/p/w500/9cqNxx0GxF0bflZmeSMuL5tnGzr.jpg,1,142,"A banker convicted of uxoricide forms a friendship over a quarter century with a hardened convict, while maintaining his innocence and trying to remain hopeful through simple compassion."
2,238,https://www.imdb.com/title/tt0068646,"The Godfather",1972-03-14,9.2,https://image.tmdb.org/t/p/w500/3bhkrj58Vtu7enYsRolD1fZdja1.jpg,2,175,"The aging patriarch of an organized crime dynasty transfers control of his clandestine empire to his reluctant son."
3,240,https://www.imdb.com/title/tt0071562,"The Godfather Part II",1974-12-20,9.0,https://image.tmdb.org/t/p/w500/hek3koDUyRQk7FIhPXsa6mT2Zc3.jpg,2,202,"The early life and career of Vito Corleone in 1920s New York City is portrayed, while his son, Michael, expands and tightens his grip on the family crime syndicate."
4,424,https://www.imdb.com/title/tt0108052,"Schindler's List",1993-12-15,9.0,https://image.tmdb.org/t/p/w500/sF1U4EUQS8YHUYjNl3pMGNIQyr0.jpg,3,195,"In German-occupied Poland during World War II, industrialist Oskar Schindler gradually becomes concerned for his Jewish workforce after witnessing their persecution by the Nazis."
5,389,https://www.imdb.com/title/tt0050083,"12 Angry Men",1957-04-10,9.0,https://image.tmdb.org/t/p/w500/ow3wq89wM8qd5X7hWKxiRfsFf9C.jpg,4,96,"The jury in a New York City murder trial is frustrated by a single member whose skeptical caution forces them to more carefully consider the evidence before jumping to a hasty verdict."
6,129,https://www.imdb.com/title/tt0245429,"Spirited Away",2001-07-20,8.6,https://image.tmdb.org/t/p/w500/39wmItIWsg5sZMyRUHLkWBcuVCM.jpg,5,124,"During her family's move to the suburbs, a sullen 10-year-old girl wanders into a world ruled by gods, witches and spirits, and where humans are changed into beasts."
7,155,https://www.imdb.com/title/tt0468569,"The Dark Knight",2008-07-16,9.1,https://image.tmdb.org/t/p/w500/qJ2tW6WMUDux911r6m7haRef0WH.jpg,6,152,"When a menace known as the Joker wreaks havoc and chaos on the people of Gotham, Batman, James Gordon and Harvey Dent must work together to put an end to the madness."
8,19404,https://www.imdb.com/title/tt0112870,"Dilwale Dulhania Le Jayenge",1995-10-20,8.0,https://image.tmdb.org/t/p/w500/2CAL2433ZeIihfX1Hb2139CX0pW.jpg,7,181,"When Raj meets Simran in Europe, it isn't love at first sight but when Simran moves to India for an arranged marriage, love makes its presence felt."
9,497,https://www.imdb.com/title/tt0120689,"The Green Mile",1999-12-10,8.6,https://image.tmdb.org/t/p/w500/8VG8fDNiy50H4FedGwdSVUPoaJe.jpg,1,189,"A death row guard learns that a gentle giant in his charge possesses a mysterious gift."
10,496243,https://www.imdb.com/title/tt6751668,Parasite,2019-05-30,8.5,https://image.tmdb.org/t/p/w500/7IiTTgloJzvGI1TAYymCfbfl3vT.jpg,8,132,"Greed and class discrimination threaten the newly formed symbiotic relationship between the wealthy Park family and the destitute Kim clan."
11,122,https://www.imdb.com/title/tt0167260,"The Lord of the Rings: The Return of the King",2003-12-17,9.0,https://image.tmdb.org/t/p/w500/rCzpDGLbOoPwLjy3OAm5NUPOTrC.jpg,9,201,"Gandalf and Aragorn lead the World of Men against Sauron's army to draw his gaze from Frodo and Sam as they approach Mount Doom with the One Ring."
12,680,https://www.imdb.com/title/tt0110912,"Pulp Fiction",1994-09-10,8.8,https://image.tmdb.org/t/p/w500/vQWk5YBFWF4bZaofAbv0tShwBvQ.jpg,10,154,"The lives of two mob hitmen, a boxer, a gangster and his wife, and a pair of diner bandits intertwine in four tales of violence and redemption."
13,372058,https://www.imdb.com/title/tt5311514,"Your Name.",2016-08-26,8.4,https://image.tmdb.org/t/p/w500/q719jXXEzOoYaps6babgKnONONX.jpg,11,106,"Two teenagers share a profound, magical connection upon discovering they are swapping bodies. Things manage to become even more complicated when the boy and girl decide to meet in person."
14,429,https://www.imdb.com/title/tt0060196,"The Good, the Bad and the Ugly",1966-12-22,8.8,https://image.tmdb.org/t/p/w500/bX2xnavhMYjWDoZp1VM6VnU1xwe.jpg,12,178,"A bounty-hunting scam joins two men in an uneasy alliance against a third in a race to find a fortune in gold buried in a remote cemetery."
15,13,https://www.imdb.com/title/tt0109830,"Forrest Gump",1994-06-23,8.8,https://image.tmdb.org/t/p/w500/arw2vcBveWOVZr6pxd9XTd1TdQa.jpg,13,142,"The history of the United States from the 1950s to the '70s unfolds from the perspective of an Alabama man with an IQ of 75, who yearns to be reunited with his childhood sweetheart."
16,157336,https://www.imdb.com/title/tt0816692,Interstellar,2014-11-05,8.7,https://image.tmdb.org/t/p/w500/gEU2QniE6E77NI6lCU6MxlNBvIx.jpg,6,169,"When Earth becomes uninhabitable in the future, a farmer and ex-NASA pilot, Joseph Cooper, is tasked to pilot a spacecraft, along with a team of researchers, to find a new planet for humans."
17,769,https://www.imdb.com/title/tt0099685,GoodFellas,1990-09-12,8.7,https://image.tmdb.org/t/p/w500/aKuFiU82s5ISJpGZp7YkIr3kCUd.jpg,14,145,"The story of Henry Hill and his life in the mafia, covering his relationship with his wife Karen and his mob partners Jimmy Conway and Tommy DeVito."
18,346,https://www.imdb.com/title/tt0047478,"Seven Samurai",1954-04-26,8.6,https://image.tmdb.org/t/p/w500/lOMGc8bnSwQhS4XyE1S99uH8NXf.jpg,15,207,"Farmers from a village exploited by bandits hire a veteran samurai for protection, and he gathers six other samurai to join him."
19,12477,https://www.imdb.com/title/tt0095327,"Grave of the Fireflies",1988-04-16,8.5,https://image.tmdb.org/t/p/w500/k9tv1rXZbOhH7eiCk378x61kNQ1.jpg,16,88,"A young boy and his little sister struggle to survive in Japan during World War II."
20,637,https://www.imdb.com/title/tt0118799,"Life Is Beautiful",1997-12-20,8.6,https://image.tmdb.org/t/p/w500/mfnkSeeVOBVheuyn2lo4tfmOPQb.jpg,17,116,"When an open-minded Jewish waiter and his son become victims of the Holocaust, he uses a perfect mixture of will, humor and imagination to protect his son from the dangers around their camp."
42,550,https://www.imdb.com/title/tt0137523,"Fight Club",1999-10-15,8.8,https://image.tmdb.org/t/p/w500/jSziioSwPVrOy9Yow3XhWIBDjq1.jpg,18,139,"An insomniac office worker and a devil-may-care soap maker form an underground fight club that evolves into much more."
43,11216,https://www.imdb.com/title/tt0095765,"Cinema Paradiso",1988-11-17,8.5,https://image.tmdb.org/t/p/w500/gCI2AeMV4IHSewhJkzsur5MEp6R.jpg,19,174,"Salvatore, a famous film director, returns to his hometown for the funeral of the local theater's film projectionist, Alfredo. He reminisces about his life as a young boy falling in love with cinema."
44,667257,https://www.imdb.com/title/tt10032342,"Impossible Things",2021-06-17,7.7,https://image.tmdb.org/t/p/w500/t2Ew8NZ8Ci2kqmoecZUNQUFDJnQ.jpg,20,89,"A widow who is tormented by the memory of her abusive husband befriends a young man."
45,14537,https://www.imdb.com/title/tt0056058,Harakiri,1962-09-15,8.6,https://image.tmdb.org/t/p/w500/5konZnIbcAxZjP616Cz5o9bKEfW.jpg,21,133,"When a ronin requesting seppuku at a feudal lord's palace is told of the brutal suicide of another ronin who previously visited, he reveals how their pasts are intertwined - and in doing so challenges the clan's integrity."
46,598,https://www.imdb.com/title/tt0317248,"City of God",2002-08-30,8.6,https://image.tmdb.org/t/p/w500/k7eYdWvhYQyRQoU2TB2A2Xu2TfD.jpg,22,130,"In the slums of Rio, two kids' paths diverge as one struggles to become a photographer and the other a kingpin."
47,120,https://www.imdb.com/title/tt0120737,"The Lord of the Rings: The Fellowship of the Ring",2001-12-18,8.9,https://image.tmdb.org/t/p/w500/6oom5QYQ2yQTMJIbnvbkBL9cHo6.jpg,9,178,"A meek Hobbit from the Shire and eight companions set out on a journey to destroy the powerful One Ring and save Middle-earth from the Dark Lord Sauron."
48,40096,https://www.imdb.com/title/tt0271383,"A Dog's Will",2000-09-15,8.6,https://image.tmdb.org/t/p/w500/espZvlT0JFnnFKKWpds1rWJXDan.jpg,23,104,"Follows the lives of 2 poor Brazilians and their schemes to get money and the consequences of their actions."
49,539,https://www.imdb.com/title/tt0054215,Psycho,1960-06-22,8.5,https://image.tmdb.org/t/p/w500/yz4QVqPx3h1hD1DfqqQkCq3rmxW.jpg,24,109,"A secretary on the run for embezzlement takes refuge at a secluded California motel owned by a repressed man and his overbearing mother."
50,510,https://www.imdb.com/title/tt0073486,"One Flew Over the Cuckoo's Nest",1975-11-19,8.7,https://image.tmdb.org/t/p/w500/kjWsMh72V6d8KRLV4EOoSJLT1H7.jpg,25,133,"A rebellious convict is sent to a psychiatric hospital for evaluation in 1963 Oregon, and encourages his docile companions to take more control of their lives and defy the tyrannical head nurse."
51,696374,https://www.imdb.com/title/tt11316854,"Gabriel's Inferno",2020-05-29,5.9,https://image.tmdb.org/t/p/w500/oyG9TL7FcRP4EZ9Vid6uKzwdndz.jpg,26,124,"An intriguing exploration of seduction, forbidden love, and redemption, a captivating and passionate tale of one man's escape from his own personal hell as he tries to earn the impossible: forgiveness and love."
52,121,https://www.imdb.com/title/tt0167261,"The Lord of the Rings: The Two Towers",2002-12-18,8.8,https://image.tmdb.org/t/p/w500/5VTN0pR8gcqV3EPUHHfMGnJYN9L.jpg,9,179,"While Frodo and Sam edge closer to Mordor with the help of the shifty Gollum, the divided fellowship makes a stand against Sauron's new ally, Saruman, and his hordes of Isengard."
53,311,https://www.imdb.com/title/tt0087843,"Once Upon a Time in America",1984-05-23,8.3,https://image.tmdb.org/t/p/w500/i0enkzsL5dPeneWnjl1fCWm6L7k.jpg,12,229,"A former Prohibition-era Jewish gangster returns to the Lower East Side of Manhattan 35 years later, where he must once again confront the ghosts and regrets of his old life."
54,255709,https://www.imdb.com/title/tt3153634,Hope,2013-10-02,8.2,https://image.tmdb.org/t/p/w500/x9yjkm9gIz5qI5fJMUTfBnWiB2o.jpg,27,122,"Story of an 8-year-old girl who faces a horrible rape that damages her internally and affects her emotionally, trying to overcome all the obstacles following the incident with the good support of those around her."
55,324857,https://www.imdb.com/title/tt4633694,"Spider-Man: Into the Spider-Verse",2018-12-06,8.4,https://image.tmdb.org/t/p/w500/iiZZdoQBEYBv6id8su7ImL0oCbD.jpg,28,117,"Teen Miles Morales becomes the Spider-Man of his universe and must join with five spider-powered individuals from other dimensions to stop a threat for all realities."
56,4935,https://www.imdb.com/title/tt0347149,"Howl's Moving Castle",2004-09-09,8.2,https://image.tmdb.org/t/p/w500/TkTPELv4kC3u1lkloush8skOjE.jpg,5,119,"When an unconfident young woman is cursed with an old body by a spiteful witch, her only chance of breaking the spell lies with a self-indulgent yet insecure young wizard and his companions in his legged, walking castle."
57,1891,https://www.imdb.com/title/tt0080684,"The Empire Strikes Back",1980-05-20,8.7,https://image.tmdb.org/t/p/w500/nNAeTmF4CtdSgMDplXTDPOpYzsX.jpg,29,124,"After the Empire overpowers the Rebel Alliance, Luke Skywalker begins training with Jedi Master Yoda, while Darth Vader and bounty hunter Boba Fett pursue his friends across the galaxy."
58,803796,https://www.imdb.com/title/tt14205554,"KPop Demon Hunters",2025-06-20,7.7,https://image.tmdb.org/t/p/w500/22AouvwlhlXbe3nrFcjzL24bvWH.jpg,30,95,"A world-renowned K-Pop girl group balance their lives in the spotlight with their secret identities as demon hunters."
59,378064,https://www.imdb.com/title/tt5323662,"A Silent Voice: The Movie",2016-09-17,8.1,https://image.tmdb.org/t/p/w500/tuFaWiqX0TXoWu7DGNcmX3UW7sT.jpg,31,130,"A deaf girl, Shoko, is bullied by the popular Shoya. As Shoya continues to bully Shoko, the class turns its back on him. Shoko transfers and Shoya grows up as an outcast. Alone and depressed, the regretful Shoya finds Shoko to mak..."
60,770156,https://www.imdb.com/title/tt11916254,"Lucy Shimmers and the Prince of Peace",2020-10-19,7.1,https://image.tmdb.org/t/p/w500/yfnJ5qIYx7q33fY4jqv9Pu95RSg.jpg,32,87,"Second chances start when a hardened criminal crosses paths with a precocious little girl who is helped by an angel to change hearts during the holiday season."
61,423,https://www.imdb.com/title/tt0253474,"The Pianist",2002-09-17,8.5,https://image.tmdb.org/t/p/w500/2hFvxCCWrTmCYwfy7yum0GKRi3Y.jpg,33,150,"During WWII, acclaimed Polish musician Wladyslaw faces various struggles as he loses contact with his family. As the situation worsens, he hides in the ruins of Warsaw in order to survive."
62,807,https://www.imdb.com/title/tt0114369,Se7en,1995-09-22,8.6,https://image.tmdb.org/t/p/w500/191nKfP0ehp3uIvWqgPbFmI4lv9.jpg,18,127,"Two detectives, a rookie and a veteran, hunt a serial killer who uses the seven deadly sins as his motives."
63,244786,https://www.imdb.com/title/tt2582802,Whiplash,2014-10-10,8.5,https://image.tmdb.org/t/p/w500/7fn624j5lj3xTme2SgiLCeuedmO.jpg,34,106,"A promising young drummer enrolls at a cut-throat music conservatory where his dreams of greatness are mentored by an instructor who will stop at nothing to realize a student's potential."
64,761053,https://www.imdb.com/title/tt13535456,"Gabriel's Inferno: Part III",2020-11-19,6.5,https://image.tmdb.org/t/p/w500/fYtHxTxlhzD4QWfEbrC1rypysSD.jpg,26,102,"Someone dark returns from Julia's past with bad intentions. Gabriel has secrets he needs to share, but worries that he'll lose everything if he does. Will their relationship weather the test of secrets revealed?"
65,724089,https://www.imdb.com/title/tt13535454,"Gabriel's Inferno: Part II",2020-07-31,6.4,https://image.tmdb.org/t/p/w500/x5o8cLZfEXMoZczTYWLrUo1P7UJ.jpg,26,106,"Professor Emerson learns the truth about Julia but his realization comes too late. Julia is done waiting for him to remember her and wants nothing more to do with him. Can Gabriel win back her heart before she finds love in anothe..."
66,27205,https://www.imdb.com/title/tt1375666,Inception,2010-07-15,8.8,https://image.tmdb.org/t/p/w500/ljsZTbVsrQSqZgWeep2B1QiDKuh.jpg,6,148,"A thief who steals corporate secrets through the use of dream-sharing technology is given the inverse task of planting an idea into the mind of a C.E.O., but his tragic past may doom the project and his team to disaster."
67,1058694,https://www.imdb.com/title/tt14570440,Radical,2023-10-19,7.8,https://image.tmdb.org/t/p/w500/eGMkkbG85JUyXQEsbZKSnBrymts.jpg,35,125,"A teacher in a Mexican border town full of neglect, corruption, and violence, tries a radical new method to unlock their students' curiosity, potential - and maybe even their genius."
68,567,https://www.imdb.com/title/tt0047396,"Rear Window",1954-08-01,8.5,https://image.tmdb.org/t/p/w500/ILVF0eJxHMddjxeQhswFtpMtqx.jpg,24,112,"A bored photographer recovering from a broken leg passes the time by watching his neighbors and begins to suspect one of them of murder."
69,274,https://www.imdb.com/title/tt0102926,"The Silence of the Lambs",1991-02-14,8.6,https://image.tmdb.org/t/p/w500/uS9m8OBk1A8eM9I042bx8XXpqAq.jpg,36,118,"A young F.B.I. cadet must receive the help of an incarcerated and manipulative cannibal killer to help catch another serial killer, a madman who skins his victims."
70,569094,https://www.imdb.com/title/tt9362722,"Spider-Man: Across the Spider-Verse",2023-05-31,8.5,https://image.tmdb.org/t/p/w500/8Vt6mWEReuy4Of61Lnj5Xj704m8.jpg,37,140,"Traveling across the multiverse, Miles Morales meets a new team of Spider-People, made up of heroes from different dimensions. But when the heroes clash over how to deal with a new threat, Miles finds himself at a crossroads."
71,12493,https://www.imdb.com/title/tt0057565,"High and Low",1963-03-01,8.4,https://image.tmdb.org/t/p/w500/tgNjemQPG96uIezpiUiXFcer5ga.jpg,15,143,"An executive of a Yokohama shoe company becomes a victim of extortion when his chauffeur's son is kidnapped by mistake and held for ransom."
72,620249,https://www.imdb.com/title/tt10734928,"The Legend of Hei",2019-08-27,7.3,https://image.tmdb.org/t/p/w500/4jfbKKLpqts3i2h2obkrONcjTg1.jpg,38,101,"When his forest is destroyed, the wood sprite Xiaohei takes the form of a cat and goes to live in the city, where the hybrid Fengxi (Stormend) befriends him. However, there are enemies on their trail."
73,73,https://www.imdb.com/title/tt0120586,"American History X",1998-07-01,8.5,https://image.tmdb.org/t/p/w500/x2drgoXYZ8484lqyDj7L1CEVR4T.jpg,39,119,"Living a life marked by violence, neo-Nazi Derek finally goes to prison after killing two black youths. Upon his release, Derek vows to change; he hopes to prevent his brother, Danny, who idolizes Derek, from following in his foot..."
74,820067,https://www.imdb.com/title/tt15721650,"The Quintessential Quintuplets Movie",2022-05-20,7.3,https://image.tmdb.org/t/p/w500/sg7klpt1xwK1IJirBI9EHaqQwJ5.jpg,40,136,"Teenage Tutor Fuutaro Uesugi has to finally choose between the 5 Nakano Sisters, who all have feelings for him, at the School's Upcoming Cultural Festival; the event that will lead to his Wedding to one of them in a Flash-Forward."
75,372754,https://www.imdb.com/title/tt5526028,"Dou kyu sei – Classmates",2016-02-20,7.7,https://image.tmdb.org/t/p/w500/cIfRCA5wEvj9tApca4UDUagQEiM.jpg,41,60,"A relationship between two high school second years, Licht Sajo, who is an honor student, and Hikaru Kusakabe, who plays in a rock band."
76,128,https://www.imdb.com/title/tt0119698,"Princess Mononoke",1997-07-12,8.3,https://image.tmdb.org/t/p/w500/cMYCDADoLKLbB83g4WnJegaZimC.jpg,5,133,"While seeking to cure himself of a curse, young warrior Ashitaka stumbles into a conflict between the people of Iron Town and Princess Mononoke, a girl raised by wolves, who will stop at nothing to prevent the destruction of her h..."
77,105,https://www.imdb.com/title/tt0088763,"Back to the Future",1985-07-03,8.5,https://image.tmdb.org/t/p/w500/vN5B5WgYscRGcQpVhHl6p9DDTP0.jpg,13,116,"Marty McFly, a 17-year-old high school student, is accidentally sent 30 years into the past in a time-traveling DeLorean invented by his close friend, the maverick scientist Doc Brown."
78,652837,https://www.imdb.com/title/tt12879624,"Josee, the Tiger and the Fish",2020-12-25,7.6,https://image.tmdb.org/t/p/w500/lNpZWdXC4HtXQ8nVo21gg7T9D6N.jpg,42,99,"After befriending a marine biology student, a sarcastic artist living with paraplegia begins to experience the world beyond her home."
79,15804,https://www.imdb.com/title/tt0101985,"A Brighter Summer Day",1991-07-27,8.2,https://image.tmdb.org/t/p/w500/rDZ2mNQkZrnSzHPLQ7SzhzgCSoj.jpg,43,237,"Based on a true story, primarily on a conflict between two youth gangs, a 14-year-old boy's girlfriend conflicts with the head of one gang for an unclear reason, until finally the conflict comes to a violent climax."
80,1184918,https://www.imdb.com/title/tt29623480,"The Wild Robot",2024-09-12,8.2,https://image.tmdb.org/t/p/w500/wTnV3PCVW5O92JMrFvvrRcV39RU.jpg,44,102,"After a shipwreck, an intelligent robot called Roz is stranded on an uninhabited island. To survive the harsh environment, Roz bonds with the island's animals and cares for an orphaned baby goose."
81,10494,https://www.imdb.com/title/tt0156887,"Perfect Blue",1998-02-28,8.0,https://image.tmdb.org/t/p/w500/6WTiOCfDPP8XV4jqfloiVWf7KHq.jpg,45,81,"A pop singer gives up her career to become an actress, but she slowly goes insane when she starts being stalked by an obsessed fan and what seems to be a ghost of her past."
82,3782,https://www.imdb.com/title/tt0044741,Ikiru,1952-10-09,8.3,https://image.tmdb.org/t/p/w500/dgNTS4EQDDVfkzJI5msKuHu2Ei3.jpg,15,143,"A bureaucrat tries to find meaning in his life after he discovers he has terminal cancer."
83,207,https://www.imdb.com/title/tt0097165,"Dead Poets Society",1989-06-02,8.1,https://image.tmdb.org/t/p/w500/erzbMlcNHOdx24AXOcn2ZKA7R1q.jpg,46,128,"Maverick teacher John Keating returns in 1959 to the prestigious New England boys' boarding school where he was once a star student, using poetry to embolden his pupils to new heights of self-expression."
84,101,https://www.imdb.com/title/tt0110413,"Léon: The Professional",1994-09-14,8.5,https://image.tmdb.org/t/p/w500/bxB2q91nKYp8JNzqE7t7TWBVupB.jpg,47,110,"An Italian hit man protects a New York orphan."
85,1356039,https://www.imdb.com/title/tt23648788,Counterattack,2025-02-27,6.0,https://image.tmdb.org/t/p/w500/38I76hGcFY6xB47pjm7pZwkfuAF.jpg,48,84,"Five friends shopping at US/Mexico border face sicario hitmen, but the targets are actually Murciélagos."
86,533514,https://www.imdb.com/title/tt8652818,"Violet Evergarden: The Movie",2020-09-18,8.3,https://image.tmdb.org/t/p/w500/4b7uAGVtgA85Yd911yOJqIsHigx.jpg,49,140,"After the aftermath of a war, a young girl who was used as a 'tool' for war learned to live. With the scars of burns, she goes back to her past to feel the true feelings of the Major's, "I love you.""
87,599,https://www.imdb.com/title/tt0043014,"Sunset Boulevard",1950-08-10,8.4,https://image.tmdb.org/t/p/w500/sC4Dpmn87oz9AuxZ15Lmip0Ftgr.jpg,50,110,"A screenwriter develops a dangerous relationship with a faded film star determined to make a triumphant return."
88,914,https://www.imdb.com/title/tt0032553,"The Great Dictator",1940-10-15,8.4,https://image.tmdb.org/t/p/w500/nhMXB8GTdswYMCL9nepDZymJCOr.jpg,51,125,"Dictator Adenoid Hynkel tries to expand his empire while a poor Jewish barber tries to avoid persecution from Hynkel's regime."
89,644479,https://www.imdb.com/title/tt5869370,"Dedicated to my ex",2019-11-01,7.1,https://image.tmdb.org/t/p/w500/xc4bTXVwYNXi10jG9dwcaYt5IpU.jpg,52,94,"A band of misfits enter a music video contest in order to win a cash prize, but don't realize they actually have to be good at playing music."
90,42269,https://www.imdb.com/title/tt0075793,"We All Loved Each Other So Much",1974-12-21,8.0,https://image.tmdb.org/t/p/w500/zGGWYpiKNwjpKxelPxOMqJnUgDs.jpg,53,124,"Three partisans bound by a strong friendship return home after the war, but the clash with everyday reality puts a strain on their bond."
91,335,https://www.imdb.com/title/tt0064116,"Once Upon a Time in the West",1968-12-21,8.5,https://image.tmdb.org/t/p/w500/qbYgqOczabWNn2XKwgMtVrntD6P.jpg,12,166,"A mysterious stranger with a harmonica joins forces with a notorious desperado to protect a beautiful widow from a ruthless assassin working for the railroad."
92,632632,https://www.imdb.com/title/tt11802992,Given,2020-08-22,7.7,https://image.tmdb.org/t/p/w500/pegCub2zdYD5As43AOmGsIctuKc.jpg,54,59,"The film centers on the love relationship among the Given music band's bassist Haruki Nakayama, drummer Akihiko Kaji, and Akihiko's roommate and ex-boyfriend Ugetsu Murata."
93,3082,https://www.imdb.com/title/tt0027977,"Modern Times",1936-02-05,8.5,https://image.tmdb.org/t/p/w500/7uoiKOEjxBBW0AgDGQWrlfGQ90w.jpg,51,87,"The Tramp struggles to live in modern industrial society with the help of a young homeless woman."
94,92321,https://www.imdb.com/title/tt2061702,"Hotarubi no Mori e",2011-09-17,7.8,https://image.tmdb.org/t/p/w500/mDqzHV8UXWWNpZkoAbKmKX1ZxEE.jpg,55,45,"Hotaru is rescued by a spirit when she gets lost in a forest as a child. The two become friends, despite the spirit revealing that he will disappear if he is ever touched by a human."
95,1139087,https://www.imdb.com/title/tt28035641,"Once Upon a Studio",2023-09-24,8.3,https://image.tmdb.org/t/p/w500/aiy3G1cYWV3LgKZHY6a3jL8bjYL.jpg,56,9,"An all-star ensemble of beloved characters from Walt Disney Animation Studios come together for a joyful, entertaining and emotional reunion as they assemble for a spectacular group photo to mark Disney's 100th anniversary."
96,1585,https://www.imdb.com/title/tt0038650,"It's a Wonderful Life",1946-12-20,8.6,https://image.tmdb.org/t/p/w500/bSqt9rhDZx1Q7UZ86dBPKdNomp2.jpg,57,130,"An angel is sent from Heaven to help a desperately frustrated businessman by showing him what life would have been like if he had never existed."
97,77338,https://www.imdb.com/title/tt1675434,"The Intouchables",2011-11-02,8.5,https://image.tmdb.org/t/p/w500/1QU7HKgsQbGpzsJbJK4pAVQV9F5.jpg,58,112,"After he becomes a quadriplegic from a paragliding accident, an aristocrat hires a young man from the projects to be his caregiver."
98,28,https://www.imdb.com/title/tt0078788,"Apocalypse Now",1979-05-19,8.4,https://image.tmdb.org/t/p/w500/gQB8Y5RCMkv2zwzFHbUJX3kAhvA.jpg,2,147,"A U.S. Army officer serving in Vietnam is tasked with assassinating a renegade Special Forces Colonel who sees himself as a god."
99,18491,https://www.imdb.com/title/tt0169858,"Neon Genesis Evangelion: The End of Evangelion",1997-07-19,8.1,https://image.tmdb.org/t/p/w500/j6G24dqI4WgUtChhWjfnI4lnmiK.jpg,59,87,"Concurrent theatrical ending of the TV series Neon Genesis Evangelion (1995)."
100,901,https://www.imdb.com/title/tt0021749,"City Lights",1931-02-06,8.5,https://image.tmdb.org/t/p/w500/ugmakEL5y294I5bXgiBqApuZpwc.jpg,51,87,"With the aid of a wealthy erratic tippler, a dewy-eyed tramp who has fallen in love with a sightless flower girl accumulates money to be able to help her medically."
101,975,https://www.imdb.com/title/tt0050825,"Paths of Glory",1957-10-25,8.4,https://image.tmdb.org/t/p/w500/hGg1UCQSHlXfv2HI9bDHT2OQBam.jpg,60,88,"A colonel defends three of his soldiers in a court-martial after they abandon a suicidal attack."
102,637920,https://www.imdb.com/title/tt10431500,"Miracle in Cell No. 7",2019-10-10,8.2,https://image.tmdb.org/t/p/w500/bOth4QmNyEkalwahfPCfiXjNh1r.jpg,61,132,"A story of love between a mentally-ill father who was wrongly accused of murder and his lovely six year old daughter. Prison will be their home. Based on the 2013 Korean movie Miracle in Cell No. 7 (2013)."
103,8587,https://www.imdb.com/title/tt0110357,"The Lion King",1994-06-15,8.5,https://image.tmdb.org/t/p/w500/sKCr78MXSLixwmZ8DyJLrpMsd15.jpg,62,88,"Lion prince Simba and his father are targeted by his bitter uncle, who wants to ascend the throne himself."
104,29259,https://www.imdb.com/title/tt0054407,"Le Trou",1960-03-18,8.5,https://image.tmdb.org/t/p/w500/xyZhiOz5NHVBUKlpioxjwajy7pm.jpg,63,131,"Distrust and uncertainty arise when four long-term inmates cautiously induct a new prisoner into their elaborate prison-break scheme."
105,670,https://www.imdb.com/title/tt0364569,Oldboy,2003-11-21,8.3,https://image.tmdb.org/t/p/w500/pWDtjs568ZfOTMbURQBYuT4Qxka.jpg,64,120,"After being kidnapped and imprisoned for fifteen years, Oh Dae-Su is released, only to find that he must track down his captor in five days."
106,572154,https://www.imdb.com/title/tt9881586,"Rascal Does Not Dream of a Dreaming Girl",2019-06-15,8.3,https://image.tmdb.org/t/p/w500/AtFnN4OztDJy8IFwYd5JfU0jlEM.jpg,65,89,"A high school student's blissful days with his girlfriend are interrupted when his first crush returns in two forms."
107,10376,https://www.imdb.com/title/tt0120731,"The Legend of 1900",1998-10-28,8.0,https://image.tmdb.org/t/p/w500/iOcbJ5pxokOPDRgieVDbsFMrCc6.jpg,19,169,"A baby boy discovered on an ocean liner in 1900 grows into a musical prodigy, never setting foot on land."
108,630566,https://www.imdb.com/title/tt6473066,Clouds,2020-10-09,7.5,https://image.tmdb.org/t/p/w500/d0OdD1I8qAfETvE9Rp9Voq7R8LR.jpg,66,121,"Based on real events, a young musician discovers his cancer has spread, leaving him just a few months to live. With limited time, he follows his dream and makes an album, unaware that it will soon be a viral music phenomenon."
109,504253,https://www.imdb.com/title/tt7236034,"I Want to Eat Your Pancreas",2018-09-01,8.1,https://image.tmdb.org/t/p/w500/qDWA7fB4cZ4sBP6YgwlxvraDHi7.jpg,67,109,"A high school student discovers one of his classmates, Sakura Yamauchi, is suffering from a terminal illness. This secret brings the two together, as she lives out her final moments."
110,447362,https://www.imdb.com/title/tt6598238,"Life in a Year",2020-11-27,6.2,https://image.tmdb.org/t/p/w500/bP7u19opmHXYeTCUwGjlLldmUMc.jpg,68,107,"The movie follows 17-year-old Daryn who finds out that his girlfriend is dying. He sets out to give her an entire life in the last year she has left."
111,568332,https://www.imdb.com/title/tt9426852,"Taylor Swift: Reputation Stadium Tour",2018-12-31,8.4,https://image.tmdb.org/t/p/w500/u6oXUTtOuJRPdUgUuPAVVJPSKCo.jpg,69,125,"Taylor Swift takes the stage and proves she doesn't care about her bad reputation."
112,299534,https://www.imdb.com/title/tt4154796,"Avengers: Endgame",2019-04-24,8.4,https://image.tmdb.org/t/p/w500/ulzhLuWrPK07P1YkdWQLZnQh1JL.jpg,70,181,"After the devastating events of Avengers: Infinity War (2018), the universe is in ruins. With the help of remaining allies, the Avengers assemble once more in order to reverse Thanos' actions and restore balance to the universe."
113,299536,https://www.imdb.com/title/tt4154756,"Avengers: Infinity War",2018-04-25,8.4,https://image.tmdb.org/t/p/w500/7WsyChQLEftFiDOVTGkv3hFpyyt.jpg,70,149,"The Avengers and their allies must be willing to sacrifice all in an attempt to defeat the powerful Thanos before his blitz of devastation and ruin puts an end to the universe."
114,508965,https://www.imdb.com/title/tt4729430,Klaus,2019-11-08,8.2,https://image.tmdb.org/t/p/w500/q125RHUDgR4gjwh1QkfYuJLYkL.jpg,71,96,"A simple act of kindness always sparks another, even in a frozen, faraway place. When Smeerensburg's new postman, Jesper, befriends toymaker Klaus, their gifts melt an age-old feud and deliver a sleigh full of holiday traditions."
115,654299,https://www.imdb.com/title/tt10946934,"Out of the Clear Blue Sky",2019-12-24,6.5,https://image.tmdb.org/t/p/w500/xg6QZdlHrq2dtSK8cfnQQMnmpeY.jpg,72,112,"Mexican legend Pedro Infante receives another opportunity on earth to redeem himself for his forays with women and earn heaven in the body of an imitator."
116,527641,https://www.imdb.com/title/tt6472976,"Five Feet Apart",2019-03-14,7.2,https://image.tmdb.org/t/p/w500/kreTuJBkUjVWePRfhHZuYfhNE1T.jpg,66,116,"Stella spends most of her time in the hospital as a cystic fibrosis patient. Her life is full of routines, boundaries and self-control -- all of which get put to the test when she meets Will, a charming boy who has the same illness."
117,603,https://www.imdb.com/title/tt0133093,"The Matrix",1999-03-31,8.7,https://image.tmdb.org/t/p/w500/p96dm7sCMn4VYAStA6siNz30G1r.jpg,73,136,"When a beautiful stranger leads computer hacker Neo to a forbidding underworld, he discovers the shocking truth--the life he knows is the elaborate deception of an evil cyber-intelligence."
118,25237,https://www.imdb.com/title/tt0091251,"Come and See",1985-10-17,8.3,https://image.tmdb.org/t/p/w500/qNbMsKVzigERgJUbwf8pKyZogpb.jpg,74,142,"After finding an old rifle, a young boy joins the Soviet resistance movement against ruthless German forces and experiences the horrors of World War II."
119,24188,https://www.imdb.com/title/tt0056512,"Il Sorpasso",1962-12-05,8.2,https://image.tmdb.org/t/p/w500/4h1ckrJQVcQYjeOkqS8i9BqZ9MI.jpg,75,108,"An impulsive braggart takes a shy law student with him for a two-day road trip from Rome to Tuscany."
120,490132,https://www.imdb.com/title/tt6966692,"Green Book",2018-11-16,8.2,https://image.tmdb.org/t/p/w500/7BsvSuDQuoqhWmU2fL7W2GOcZHU.jpg,76,130,"A working-class Italian-American bouncer becomes the driver for an African-American classical pianist on a tour of venues through the 1960s American South."
121,265177,https://www.imdb.com/title/tt3612616,Mommy,2014-09-19,8.0,https://image.tmdb.org/t/p/w500/3zyQtPg3avKprmJP2gBiYgyWUQC.jpg,77,139,"A widowed single mother, raising her violent son alone, finds new hope when a mysterious neighbor inserts herself into their household."
122,98,https://www.imdb.com/title/tt0172495,Gladiator,2000-05-04,8.5,https://image.tmdb.org/t/p/w500/ty8TGRuvJLPUmAR1H1nRIsgwvim.jpg,78,155,"A former Roman General sets out to exact vengeance against the corrupt emperor who murdered his family and sent him into slavery."
123,110420,https://www.imdb.com/title/tt2140203,"Wolf Children",2012-07-21,8.1,https://image.tmdb.org/t/p/w500/3Nllh6JgcrFdtOn6iFOWHudNInd.jpg,79,117,"After her werewolf lover unexpectedly dies in an accident, a young woman must find ways to raise their werewolf son and daughter while keeping their trait hidden from society."
124,857,https://www.imdb.com/title/tt0120815,"Saving Private Ryan",1998-07-24,8.6,https://image.tmdb.org/t/p/w500/uqx37cS8cpHg8U35f9U5IBlrCV3.jpg,3,169,"Following the Normandy Landings, a group of U.S. soldiers go behind enemy lines to retrieve a paratrooper whose comrades have been killed in action."
125,618344,https://www.imdb.com/title/tt11079148,"Justice League Dark: Apokolips War",2020-05-05,7.8,https://image.tmdb.org/t/p/w500/c01Y4suApJ1Wic2xLmaq1QYcfoZ.jpg,80,90,"A Sequel to Justice League Dark (2017) involving Jack Kirby's New Gods."
126,16672,https://www.imdb.com/title/tt0058625,"Woman in the Dunes",1964-02-15,8.4,https://image.tmdb.org/t/p/w500/f0JpsMQ9oEjKBD66Ky3qK3z7LGT.jpg,81,147,"An entomologist on vacation is trapped by local villagers into living with a woman whose life task is shoveling sand for them."
127,16869,https://www.imdb.com/title/tt0361748,"Inglourious Basterds",2009-08-02,8.4,https://image.tmdb.org/t/p/w500/7sfbEnaARXDDhKm0CZ7D7uc2sbo.jpg,10,153,"In Nazi-occupied France during World War II, a plan to assassinate Nazi leaders by a group of Jewish U.S. soldiers coincides with a theatre owner's vengeful plans for the same."
128,441130,https://www.imdb.com/title/tt5198068,Wolfwalkers,2020-10-26,8.0,https://image.tmdb.org/t/p/w500/ehAKuE48okTuonq6TpsNQj8vFTC.jpg,82,103,"A young apprentice hunter and her father journey to Ireland to help wipe out the last wolf pack. But everything changes when she befriends a free-spirited girl from a mysterious tribe rumored to transform into wolves by night."
129,315162,https://www.imdb.com/title/tt3915174,"Puss in Boots: The Last Wish",2022-12-07,7.8,https://image.tmdb.org/t/p/w500/kuf6dutpsT0vSVehic3EZIqkOBt.jpg,83,102,"When Puss in Boots discovers that his passion for adventure has taken its toll and he has burned through eight of his nine lives, he launches an epic journey to restore them by finding the mythical Last Wish."
130,37257,https://www.imdb.com/title/tt0051201,"Witness for the Prosecution",1957-12-17,8.4,https://image.tmdb.org/t/p/w500/bCj4EfuehAlgBwVd3diyWyhuuau.jpg,50,116,"A veteran British barrister must defend his client in a murder trial that has surprise after surprise."
131,995133,https://www.imdb.com/title/tt22667880,"The Boy, the Mole, the Fox and the Horse",2022-12-25,7.8,https://image.tmdb.org/t/p/w500/aBBJRyS17TIrdXih3uSYvPAR3Ua.jpg,84,32,"Follows a boy, a mole, a fox and a horse, as they create an unexpected friendship and travel together in the boy's search for home."
132,92060,https://www.imdb.com/title/tt0088263,"Michael Jackson's Thriller",1983-11-14,8.7,https://image.tmdb.org/t/p/w500/dYHGoPMkZMVuBA4EydmDQMo1EEv.jpg,85,13,"A night at the movies turns into a nightmare when Michael and his date are attacked by a hoard of bloodthirsty zombies - only a "Thriller" can save them now."
133,1160164,https://www.imdb.com/title/tt28814949,"TAYLOR SWIFT | THE ERAS TOUR",2023-10-13,8.0,https://image.tmdb.org/t/p/w500/jf3YO8hOqGHCupsREf5qymYq1n.jpg,86,169,"Experience the Eras Tour concert, performed by the one and only Taylor Swift."
134,694,https://www.imdb.com/title/tt0081505,"The Shining",1980-05-23,8.4,https://image.tmdb.org/t/p/w500/xazWoLealQwEgqZ89MLZklLZD3k.jpg,60,146,"A family heads to an isolated hotel for the winter, where a sinister presence influences the father into violence. At the same time, his psychic son sees horrifying forebodings from both the past and the future."
135,635302,https://www.imdb.com/title/tt11032374,"Demon Slayer -Kimetsu no Yaiba- The Movie: Mugen Train",2020-10-16,8.2,https://image.tmdb.org/t/p/w500/h8Rb9gBr48ODIwYUttZNYeMWeUU.jpg,87,117,"After his family was brutally murdered and his sister turned into a demon, Tanjiro Kamado's journey as a demon slayer began. Tanjiro and his comrades embark on a new mission aboard the Mugen Train, on track to despair."
136,283566,https://www.imdb.com/title/tt2458948,"Evangelion: 3.0+1.0 Thrice Upon a Time",2021-03-08,8.0,https://image.tmdb.org/t/p/w500/md5wZRRj8biHrGtyitgBZo7674t.jpg,88,155,"Misato and her anti-NERV group WILLE arrive in Paris, a city now red from core-ization. Crew from the flagship Wunder land on a containment tower."
137,829402,https://www.imdb.com/title/tt9471678,"Ultraman: Rising",2024-06-14,6.9,https://image.tmdb.org/t/p/w500/cYaThZqtLuBThBcrV6YRLLwL8F5.jpg,89,117,"Ken Sato is a superstar baseball player who returns to Japan to become the latest hero to carry the mantle of Ultraman. However, he is compelled to raise a newborn kaiju monster, the offspring of his greatest enemy, as his own child."
138,50014,https://www.imdb.com/title/tt1454029,"The Help",2011-08-09,8.1,https://image.tmdb.org/t/p/w500/3kmfoWWEc9Vtyuaf9v5VipRgdjx.jpg,90,146,"An aspiring author during the civil rights movement of the 1960s decides to write a book detailing the African American maids' point of view on the white families for which they work, and the hardships they go through on a daily b..."
139,11,https://www.imdb.com/title/tt0076759,"Star Wars",1977-05-25,8.6,https://image.tmdb.org/t/p/w500/6FfCtAuVAW8XJjZ7eWeLibRLWTw.jpg,91,121,"Luke Skywalker joins forces with a Jedi Knight, a cocky pilot, a Wookiee and two droids to save the galaxy from the Empire's world-destroying battle station, while also attempting to rescue Princess Leia from the mysterious Darth ..."
140,1124,https://www.imdb.com/title/tt0482571,"The Prestige",2006-10-17,8.5,https://image.tmdb.org/t/p/w500/2ZOzyhoW08neG27DVySMCcq2emd.jpg,6,130,"Rival 19th-century magicians engage in a bitter battle for trade secrets."
141,354912,https://www.imdb.com/title/tt2380307,Coco,2017-10-27,8.4,https://image.tmdb.org/t/p/w500/6Ryitt95xrO8KXuqRGm1fUuNwqF.jpg,92,105,"Aspiring musician Miguel, confronted with his family's ancestral ban on music, enters the Land of the Dead to find his great-great-grandfather, a legendary singer."
142,290098,https://www.imdb.com/title/tt4016934,"The Handmaiden",2016-06-01,8.1,https://image.tmdb.org/t/p/w500/dLlH4aNHdnmf62umnInL8xPlPzw.jpg,64,145,"In 1930s Korea, a girl is hired as a handmaiden to a Japanese heiress who lives a secluded life on a countryside estate. But the maid has a secret: She is a pickpocket recruited by a swindler to help seduce the Lady and steal her ..."
143,11324,https://www.imdb.com/title/tt1130884,"Shutter Island",2010-02-14,8.2,https://image.tmdb.org/t/p/w500/nrmXQ0zcZUL8jFLrakWc90IR8z9.jpg,14,138,"Two US marshals are sent to a mental institution on an inhospitable island in order to investigate the disappearance of a patient."
144,620683,https://www.imdb.com/title/tt10611372,"My Mom Is a Character 3",2019-12-26,7.1,https://image.tmdb.org/t/p/w500/zw77BFPGJ73Lig8GwRzYj1XHq53.jpg,93,111,"Dona Hermínia now has to deal with her gay son getting married and her daughter being pregnant."
145,284,https://www.imdb.com/title/tt0053604,"The Apartment",1960-06-21,8.3,https://image.tmdb.org/t/p/w500/hhSRt1KKfRT0yEhEtRW3qp31JFU.jpg,50,125,"A Manhattan insurance clerk tries to rise in his company by letting its executives use his apartment for trysts, but office politics and his own romantic hopes complicate matters."
146,522924,https://www.imdb.com/title/tt1478839,"The Art of Racing in the Rain",2019-08-08,7.6,https://image.tmdb.org/t/p/w500/mi5VN4ww0JZgRFJIaPxxTGKjUg7.jpg,94,109,"Through his bond with his owner, aspiring Formula One race car driver Denny, golden retriever Enzo learns that the techniques needed on the racetrack can also be used to successfully navigate the journey of life."
147,324786,https://www.imdb.com/title/tt2119532,"Hacksaw Ridge",2016-10-07,8.1,https://image.tmdb.org/t/p/w500/wuz8TjCIWR2EVVMuEfBnQ1vuGS3.jpg,95,139,"World War II American Army Medic Desmond T. Doss, serving during the Battle of Okinawa, refuses to kill people and becomes the first man in American history to receive the Medal of Honor without firing a shot."
148,313106,https://www.imdb.com/title/tt2779318,"Doctor Who: The Day of the Doctor",2013-11-23,8.0,https://image.tmdb.org/t/p/w500/6c0CjymaupC5xerJCemuaSV4CLj.jpg,96,77,"In 2013, something terrible is awakening in London's National Gallery; in 1562, a murderous plot is afoot in Elizabethan England; and somewhere in space an ancient battle reaches its devastating conclusion."
149,185,https://www.imdb.com/title/tt0066921,"A Clockwork Orange",1971-12-19,8.2,https://image.tmdb.org/t/p/w500/4sHeTAp65WrSSuc05nRBKddhBxO.jpg,60,136,"Alex DeLarge and his droogs barbarize a decaying near-future."
150,68718,https://www.imdb.com/title/tt1853728,"Django Unchained",2012-12-25,8.5,https://image.tmdb.org/t/p/w500/7oWY8VDWW7thTzWh3OKYRkWUlD5.jpg,10,165,"With the help of a German bounty-hunter, a freed slave sets out to rescue his wife from a brutal plantation owner in Mississippi."
151,476292,https://www.imdb.com/title/tt7339826,"Maquia: When the Promised Flower Blooms",2018-02-24,7.4,https://image.tmdb.org/t/p/w500/hL3NqRE2ccR4Y2sYSJTrmalRjrz.jpg,97,115,"Maquia, a teenager, belongs to the Iorph community whose members can live for hundreds of years. But her life changes when the Iorph settlement is invaded and she comes across an orphan."
152,5156,https://www.imdb.com/title/tt0040522,"Bicycle Thieves",1948-07-21,8.2,https://image.tmdb.org/t/p/w500/abmxGiCV04NQj4jngbSQTGLgiC1.jpg,98,89,"In post-war Italy, a working-class man's bicycle is stolen, endangering his efforts to find work. He and his son set out to find it."
153,490,https://www.imdb.com/title/tt0050976,"The Seventh Seal",1957-02-16,8.1,https://image.tmdb.org/t/p/w500/wcZ21zrOsy0b52AfAF50XpTiv75.jpg,99,96,"A knight returning to Sweden after the Crusades seeks answers about life, death, and the existence of God as he plays chess against the Grim Reaper during the Black Plague."
154,77,https://www.imdb.com/title/tt0209144,Memento,2000-10-11,8.4,https://image.tmdb.org/t/p/w500/fKTPH2WvH8nHTXeBYBVhawtRqtR.jpg,6,113,"A former insurance investigator who now suffers from anterograde amnesia uses notes and tattoos to hunt down his wife's murderer."
155,26451,https://www.imdb.com/title/tt0065889,"Investigation of a Citizen Above Suspicion",1970-10-16,8.0,https://image.tmdb.org/t/p/w500/vPTZwlq1IC4o1DCsEZEl2uGljzm.jpg,100,115,"A high-ranking police inspector murders his mistress and - in a sardonic test to prove that he is above suspicion - deliberately plants clues that indicate his responsibility for the crime."
156,851644,https://www.imdb.com/title/tt15340724,"20th Century Girl",2022-10-06,7.4,https://image.tmdb.org/t/p/w500/od22ftNnyag0TTxcnJhlsu3aLoU.jpg,101,119,"In 1999, a teen with a heart of gold begins keeping close tabs on a popular classmate as a favor to her smitten best friend."
157,629,https://www.imdb.com/title/tt0114814,"The Usual Suspects",1995-07-19,8.5,https://image.tmdb.org/t/p/w500/99X2SgyFunJFXGAYnDv3sb9pnUD.jpg,102,106,"The sole survivor of a pier shoot-out tells the story of how a notorious criminal influenced the events that began with five criminals meeting in a seemingly random police lineup."
158,537061,https://www.imdb.com/title/tt10515852,"Steven Universe: The Movie",2019-10-07,7.7,https://image.tmdb.org/t/p/w500/8mRgpubxHqnqvENK4Bei30xMDvy.jpg,103,82,"Steven thinks his time defending the Earth is over, but when a new threat comes to Beach City, Steven faces his biggest challenge yet."
159,361743,https://www.imdb.com/title/tt1745960,"Top Gun: Maverick",2022-05-21,8.2,https://image.tmdb.org/t/p/w500/62HCnUTziyWcpDaBO2i1DX17ljH.jpg,104,130,"The story involves Maverick confronting his past while training a group of younger Top Gun graduates, including the son of his deceased best friend, for a dangerous mission."
160,18148,https://www.imdb.com/title/tt0046438,"Tokyo Story",1953-11-03,8.1,https://image.tmdb.org/t/p/w500/g2YbTYKpY7N2yDSk7BfXZ18I5QV.jpg,105,137,"An old couple visit their children and grandchildren in the city, but receive little attention."
161,348,https://www.imdb.com/title/tt0078748,Alien,1979-05-25,8.5,https://image.tmdb.org/t/p/w500/vfrQk5IPloGg1v9Rzbh2Eg3VGyM.jpg,78,117,"After investigating a mysterious transmission of unknown origin, the crew of a commercial spacecraft encounters a deadly lifeform."
162,111,https://www.imdb.com/title/tt0086250,Scarface,1983-12-09,8.3,https://image.tmdb.org/t/p/w500/iQ5ztdjvteGeboxtmRdXEChJOHh.jpg,106,170,"In the 1980s, a determined criminal-minded Cuban immigrant becomes the biggest drug smuggler in Miami, and is eventually undone by his own drug addiction."
163,426,https://www.imdb.com/title/tt0052357,Vertigo,1958-05-28,8.2,https://image.tmdb.org/t/p/w500/15uOEfqBNTVtDUT7hGBVCka0rZz.jpg,24,128,"A former San Francisco police detective juggles wrestling with his personal demons and becoming obsessed with the hauntingly beautiful woman he has been hired to trail, who may be deeply disturbed."
164,1422,https://www.imdb.com/title/tt0407887,"The Departed",2006-10-04,8.5,https://image.tmdb.org/t/p/w500/nT97ifVT2J1yMQmeq20Qblg61T.jpg,14,151,"An undercover cop and a mole in the police attempt to identify each other while infiltrating an Irish gang in South Boston."
165,20941,https://www.imdb.com/title/tt0387914,"Innocent Voices",2005-01-28,7.8,https://image.tmdb.org/t/p/w500/hvwB4LdMCLzqXsk5ZjR77vzPkGk.jpg,107,120,"A young boy, in an effort to have a normal childhood in 1980's El Salvador, is caught up in a dramatic fight for his life as he desperately tries to avoid the war which is raging all around him."
166,81481,https://www.imdb.com/title/tt2070649,Silenced,2011-09-22,8.0,https://image.tmdb.org/t/p/w500/mbMp0oIFmYnw0i5gzRoKt8cH5ve.jpg,108,125,"Based on real events, this film depicts the story of a school for the hearing-impaired where young deaf students were sexually assaulted by the faculty members over a long period of time."
167,823219,https://www.imdb.com/title/tt4772188,Flow,2024-08-29,7.9,https://image.tmdb.org/t/p/w500/imKSymKBK7o73sajciEmndJoVkR.jpg,109,85,"Cat is a solitary animal, but as its home is devastated by a great flood, he finds refuge on a boat populated by various species, and will have to team up with them despite their differences."
168,489,https://www.imdb.com/title/tt0119217,"Good Will Hunting",1997-12-05,8.3,https://image.tmdb.org/t/p/w500/z2FnLKpFi1HPO7BEJxdkv6hpJSU.jpg,110,126,"A therapist counsels Will Hunting, a janitor with a genius IQ."
169,289,https://www.imdb.com/title/tt0034583,Casablanca,1943-01-15,8.5,https://image.tmdb.org/t/p/w500/oyGRZVIthHJjc98ekKpeWpDh8Ws.jpg,111,102,"A cynical expatriate American cafe owner struggles to decide whether or not to help his former lover and her fugitive husband escape the Nazis in French Morocco."
170,517814,https://www.imdb.com/title/tt8267604,Capernaum,2018-09-20,8.4,https://image.tmdb.org/t/p/w500/mFnfTVADj8yOxwzprYOmTPselk8.jpg,112,126,"While serving a five-year sentence for a violent crime, a 12-year-old boy sues his parents for neglect."
171,399106,https://www.imdb.com/title/tt5613056,Piper,2016-06-16,8.3,https://image.tmdb.org/t/p/w500/5fu2d809jepLwEpES7wggiECLoQ.jpg,113,6,"A hungry sandpiper hatchling ventures from her nest for the first time to dig for food by the shoreline. The problem is, the food is buried in the sand where scary waves roll up."
172,10098,https://www.imdb.com/title/tt0012349,"The Kid",1921-01-21,8.2,https://image.tmdb.org/t/p/w500/drgMcyTsySQBnUPGaBThCHGdlWT.jpg,51,68,"The Tramp cares for an abandoned child, but events put their relationship in jeopardy."
173,592350,https://www.imdb.com/title/tt11107074,"My Hero Academia: Heroes Rising",2019-12-20,7.8,https://image.tmdb.org/t/p/w500/kpWsIkfXrnQ1pmR79qAHHq7DPxc.jpg,114,104,"A group of youths aspiring to become professional superheroes, fight in a world full of people with abilities, also known as quirks. Deku and his fellow classmates from Hero Academy face Nine, the strongest villain yet."
174,797,https://www.imdb.com/title/tt0060827,Persona,1966-10-18,8.0,https://image.tmdb.org/t/p/w500/v2KsLNChpT6vLf0YFhkJmAtGkNq.jpg,99,83,"A nurse is put in charge of a mute actress and finds that their personae are melding together."
175,37165,https://www.imdb.com/title/tt0120382,"The Truman Show",1998-06-04,8.2,https://image.tmdb.org/t/p/w500/vuza0WqY239yBXOadKlGwJsZJFE.jpg,46,103,"An insurance salesman begins to suspect that his whole life is actually some sort of reality TV show."
176,872,https://www.imdb.com/title/tt0045152,"Singin' in the Rain",1952-04-10,8.3,https://image.tmdb.org/t/p/w500/w03EiJVHP8Un77boQeE7hg9DVdU.jpg,115,103,"A silent film star falls for a chorus girl just as he and his delusionally jealous screen partner are trying to make the difficult transition to talking pictures in 1920s Hollywood."
177,666,https://www.imdb.com/title/tt0140888,"Central Station",1998-04-03,8.0,https://image.tmdb.org/t/p/w500/zJvp7XjQ2LhPbDVYhFXyucs40vR.jpg,116,110,"The emotive journey of a former schoolteacher who writes letters for illiterate people, and a young boy whose mother has just died, as they search for the father he never knew."
178,458220,https://www.imdb.com/title/tt6857376,Palmer,2021-01-28,7.3,https://image.tmdb.org/t/p/w500/xSDdRAjxKAGi8fUBLOqSrBhJmF0.jpg,117,110,"An ex-convict strikes up a friendship with a boy from a troubled home."
179,606856,https://www.imdb.com/title/tt5116302,Togo,2019-12-20,7.9,https://image.tmdb.org/t/p/w500/wX0QD36a80hxulcizz7tyahYOF8.jpg,118,113,"The story of Togo, the sled dog who led the 1925 serum run despite being considered too small and weak to lead such an intense race."
180,20914,https://www.imdb.com/title/tt0072637,"My Friends",1975-10-24,7.9,https://image.tmdb.org/t/p/w500/8Pm8SLjq2UHCwisd56ipHtzvZI1.jpg,119,140,"Four inseparable friends try to face their midlife crisis with daytrips and pranks at the expense of their families and the people around them."
181,812225,https://www.imdb.com/title/tt22868844,"Black Clover: Sword of the Wizard King",2023-06-16,7.4,https://image.tmdb.org/t/p/w500/9YEGawvjaRgnyW6QVcUhFJPFDco.jpg,120,110,"In a world where magic is everything, Asta, a boy who was born with no magic, aims to become the "Wizard King" to overcome adversity, prove his power, and keep his oath with his friends."
182,103,https://www.imdb.com/title/tt0075314,"Taxi Driver",1976-02-09,8.2,https://image.tmdb.org/t/p/w500/ekstpH614fwDX8DUln1a2Opz0N8.jpg,14,114,"A mentally unstable veteran works as a nighttime taxi driver in New York City, where the perceived decadence and sleaze fuels his urge for violent action."
183,693134,https://www.imdb.com/title/tt15239678,"Dune: Part Two",2024-02-27,8.5,https://image.tmdb.org/t/p/w500/6izwz7rsy95ARzTR3poZ8H6c5pp.jpg,121,166,"Paul Atreides unites with the Fremen while on a warpath of revenge against the conspirators who destroyed his family. Facing a choice between the love of his life and the fate of the universe, he endeavors to prevent a terrible fu..."
184,422,https://www.imdb.com/title/tt0056801,8½,1963-02-14,8.0,https://image.tmdb.org/t/p/w500/ja0uRnwFwnVFJlNMYL10orpjWtq.jpg,122,138,"A harried movie director retreats into his memories and fantasies."
185,610892,https://www.imdb.com/title/tt10477558,"Violet Evergarden: Eternity and the Auto Memory Doll",2019-09-06,7.5,https://image.tmdb.org/t/p/w500/zjaSw6Ok0MhXjrruPrA27VHyUYC.jpg,123,90,"Violet Evergarden, a former soldier returned from war, comes to teach at a women's academy and changes a young girl's life."
186,475557,https://www.imdb.com/title/tt7286456,Joker,2019-10-01,8.3,https://image.tmdb.org/t/p/w500/udDclJoHjfjb8Ekgsd4FDteOkCU.jpg,124,122,"Arthur Fleck, a party clown and a failed stand-up comedian, leads an impoverished life with his ailing mother. However, when society shuns him and brands him as a freak, he decides to embrace the life of chaos in Gotham City."
187,9702,https://www.imdb.com/title/tt0106469,"Bound by Honor",1993-02-05,7.9,https://image.tmdb.org/t/p/w500/gvP6R6juhe2IpCG7QGDgjyUvm0g.jpg,125,180,"Based on the true life experiences of poet Jimmy Santiago Baca, the film focuses on step-brothers Paco and Cruz, and their bi-racial cousin Miklo."
188,280,https://www.imdb.com/title/tt0103064,"Terminator 2: Judgment Day",1991-07-03,8.6,https://image.tmdb.org/t/p/w500/weVXMD5QBGeQil4HEATZqAkXeEc.jpg,126,137,"A cyborg, identical to the one who failed to kill Sarah Connor, must now protect her ten year old son John from an even more advanced and powerful cyborg."
189,935,https://www.imdb.com/title/tt0057012,"Dr. Strangelove or: How I Learned to Stop Worrying and Love the Bomb",1964-01-29,8.3,https://image.tmdb.org/t/p/w500/7SixLzxcqezkZEYU8pcHZgbkmjp.jpg,60,95,"A mentally unstable American general orders a hydrogen bomb attack on the Soviet Union, triggering a path to global nuclear holocaust that a war room full of politicians and generals frantically tries to stop."
190,3780,https://www.imdb.com/title/tt0058888,"Red Beard",1965-04-03,8.3,https://image.tmdb.org/t/p/w500/iYNH3Re0JSypoYaWvZtERUnNaJL.jpg,15,185,"In 19th-century Japan, a rough-tempered yet charitable town doctor trains a young intern."
191,600,https://www.imdb.com/title/tt0093058,"Full Metal Jacket",1987-06-26,8.2,https://image.tmdb.org/t/p/w500/kMKyx1k8hWWscYFnPbnxxN4Eqo4.jpg,60,116,"A pragmatic U.S. Marine observes the dehumanizing effects the Vietnam War has on his fellow recruits from their brutal boot camp training to the bloody street fighting in Hue."
192,810693,https://www.imdb.com/title/tt14331144,"Jujutsu Kaisen 0",2021-12-24,7.8,https://image.tmdb.org/t/p/w500/23oJaeBh0FDk2mQ2P240PU9Xxfh.jpg,127,112,"The prequel to Jujutsu Kaisen (2020), where a high schooler gains control of an extremely powerful cursed spirit and gets enrolled in the Tokyo Prefectural Jujutsu High School by Jujutsu Sorcerers."
193,20334,https://www.imdb.com/title/tt0033045,"The Shop Around the Corner",1940-01-12,8.0,https://image.tmdb.org/t/p/w500/dZ1aEzGYRiqJwPfjS6VL7wUkHmF.jpg,128,99,"Two employees at a gift shop can barely stand each other, without realizing that they are falling in love through the post as each other's anonymous pen pal."
194,1026227,https://www.imdb.com/title/tt21800162,"There's Still Tomorrow",2023-10-26,7.7,https://image.tmdb.org/t/p/w500/4Hi7yjiQjokEDStT1MOj5rPgRfW.jpg,129,118,"In this moving comedic drama set in postwar Rome, a working-class wife and mother dreams of a better future. Winner of 6 Italian Academy Awards."
195,575813,https://www.imdb.com/title/tt9586294,"Better Days",2019-10-25,7.6,https://image.tmdb.org/t/p/w500/csVZ2ZQCj98XdZoCuW1aixMYJ0W.jpg,130,135,"While she copes with the pressures of her final examinations, a bullied teenage girl forms an unlikely friendship with a mysterious young man who protects her from her assailants."
196,500,https://www.imdb.com/title/tt0105236,"Reservoir Dogs",1992-09-02,8.3,https://image.tmdb.org/t/p/w500/xi8Iu6qyTfyZVDVy60raIOYJJmk.jpg,10,99,"When a simple jewelry heist goes horribly wrong, the surviving criminals begin to suspect that one of them is a police informant."
197,531428,https://www.imdb.com/title/tt8613070,"Portrait of a Lady on Fire",2019-09-18,8.0,https://image.tmdb.org/t/p/w500/2LquGwEhbg3soxSCs9VNyh5VJd9.jpg,131,122,"On an isolated island in Brittany at the end of the eighteenth century, a female painter is obliged to paint a wedding portrait of a young woman."
198,406997,https://www.imdb.com/title/tt2543472,Wonder,2017-11-13,7.9,https://image.tmdb.org/t/p/w500/sONh3LYGFcVDTy8pm1tbSOB13Li.jpg,132,113,"Based on the New York Times bestseller, this movie tells the incredibly inspiring and heartwarming story of August Pullman, a boy with facial differences who enters the fifth grade, attending a mainstream elementary school for the..."
199,1398,https://www.imdb.com/title/tt0079944,Stalker,1979-05-25,8.0,https://image.tmdb.org/t/p/w500/1qhOyf5C4s9ZdvY8d5JDx9DFMeT.jpg,133,162,"A guide leads two men through an area known as the Zone to find a room that grants wishes."
200,38288,https://www.imdb.com/title/tt3444066,"“The Shorts” by Aldo, Giovanni and Giacomo",1996-03-29,8.2,https://image.tmdb.org/t/p/w500/y3hEulMYSTQuvmI5jBTyWrcvJQX.jpg,134,130,"The first theatrical show featuring the trio of comedians Aldo, Giovanni and Giacomo, with the participation of Marina Massironi."
201,795607,https://www.imdb.com/title/tt15000314,"Green Snake",2021-07-23,6.8,https://image.tmdb.org/t/p/w500/1zs5zsQDP5KuWwxIg9EUULLFEV.jpg,135,131,"Animated adaptation of the classic Chinese folktale. Sequel to the 2019 film 'White Snake'."
202,791373,https://www.imdb.com/title/tt12361974,"Zack Snyder's Justice League",2021-03-18,7.9,https://image.tmdb.org/t/p/w500/tnAuB8q5vv7Ax9UAEje5Xi4BXik.jpg,136,242,"Determined to ensure that Superman's ultimate sacrifice wasn't in vain, Bruce Wayne recruits a team of metahumans to protect the world from an approaching threat of catastrophic proportions."
203,398818,https://www.imdb.com/title/tt5726616,"Call Me by Your Name",2017-07-28,7.8,https://image.tmdb.org/t/p/w500/gXiE0WveDnT0n5J4sW9TMxXF4oT.jpg,137,132,"In the summer of 1983, 17-year-old Elio is spending the days with his family at their villa in Lombardy, Italy. He soon meets 24-year-old Oliver, an intern working for Elio's father. They discover the heady beauty of awakening des..."
204,100,https://www.imdb.com/title/tt0120735,"Lock, Stock and Two Smoking Barrels",1998-08-28,8.1,https://image.tmdb.org/t/p/w500/6pJB2t3MbQUy9m5pFIBHXLqnqNd.jpg,138,107,"When four small-time criminals lose a rigged poker game against a London kingpin, he gives them one week to settle their enormous debt."
205,600354,https://www.imdb.com/title/tt10272386,"The Father",2020-12-23,8.2,https://image.tmdb.org/t/p/w500/xxHNaCMycynHMKdEZHHQCzaPbZl.jpg,139,97,"A man refuses all assistance from his daughter as he ages. When he tries to understand what is happening around him, he begins to doubt his loved ones, his own mind and even the fabric of his reality."
206,996,https://www.imdb.com/title/tt0036775,"Double Indemnity",1944-07-06,8.3,https://image.tmdb.org/t/p/w500/7YNuG4Az4RotLmY3SvFdAFhSW5l.jpg,50,107,"An insurance representative is seduced by a dissatisfied housewife into a scheme of insurance fraud and murder that arouses the suspicion of his colleague, a claims investigator."
207,614,https://www.imdb.com/title/tt0050986,"Wild Strawberries",1957-08-28,8.1,https://image.tmdb.org/t/p/w500/iyTD2QnySNMPUPE3IedZQipSWfz.jpg,99,92,"After living a life marked by coldness, an aging professor is forced to confront the emptiness of his existence."
208,508442,https://www.imdb.com/title/tt2948372,Soul,2020-12-25,8.0,https://image.tmdb.org/t/p/w500/pEz5aROvfy5FBW1OTlrDO3VryWO.jpg,140,100,"Joe is a middle-school band teacher whose life hasn't quite gone the way he expected. His true passion is jazz. But when he travels to another realm to help someone find their passion, he soon discovers what it means to have soul."
209,655,https://www.imdb.com/title/tt0087884,"Paris, Texas",1984-07-16,8.1,https://image.tmdb.org/t/p/w500/sP27Qm4THyRZyHjHYMfIDtJP6YE.jpg,141,145,"Travis Henderson, an aimless drifter who has been missing for four years, wanders out of the desert and must reconnect with society, himself, his life, and his family."
210,10681,https://www.imdb.com/title/tt0910970,WALL·E,2008-06-22,8.4,https://image.tmdb.org/t/p/w500/hbhFnRzzg6ZDmm8YAmxBnQpQIPh.jpg,142,98,"A robot who is responsible for cleaning a waste-covered Earth meets another robot and falls in love with her. Together, they set out on a journey that will alter the fate of mankind."
211,843,https://www.imdb.com/title/tt0118694,"In the Mood for Love",2000-09-29,8.1,https://image.tmdb.org/t/p/w500/8BgGbbWiLNhPtkMkN0gGTnbtvBv.jpg,143,98,"Two neighbors form a strong bond after both suspect extramarital activities of their spouses. However, they agree to keep their bond platonic so as not to commit similar wrongs."
212,146233,https://www.imdb.com/title/tt1392214,Prisoners,2013-09-19,8.2,https://image.tmdb.org/t/p/w500/jsS3a3ep2KyBVmmiwaz3LvK49b1.jpg,121,153,"A desperate father takes the law into his own hands after police fail to find two kidnapped girls."
213,133919,https://www.imdb.com/title/tt6725014,"Scenes from a Marriage",1974-09-15,8.3,https://image.tmdb.org/t/p/w500/ArKEdvJesIktFX8OAhcdKAOLl6I.jpg,99,169,"Chronicles the many years of love and turmoil that bind Marianne and Johan through matrimony, infidelity, divorce, and subsequent partners."
214,24382,https://www.imdb.com/title/tt0052216,"Big Deal on Madonna Street",1958-07-26,7.9,https://image.tmdb.org/t/p/w500/f5OxD8Nl0pR3DcYHtYhHRfpsmjl.jpg,119,106,"A motley quintet of inept small-time thieves attempt the burglary of a local pawnshop in this Italian farce."
215,19,https://www.imdb.com/title/tt0017136,Metropolis,1927-02-06,8.3,https://image.tmdb.org/t/p/w500/vZIJxGnjcswPCAa52jhbl01FQkV.jpg,144,153,"In a futuristic city sharply divided between the working class and the city planners, the son of the city's mastermind falls in love with a working-class prophet who predicts the coming of a savior to mediate their differences."
216,663558,https://www.imdb.com/title/tt13269670,"New Gods: Nezha Reborn",2021-02-06,6.8,https://image.tmdb.org/t/p/w500/np4ScPY04HESKBbpexwstKsipKe.jpg,145,118,"A normal young deliveryman Li Yunxiang, though coming from the slum area, is living a satisfying life but when the arrogant wealthy son of Boss beats him down, his deep anger turns into a blast of Truth Fire."
217,103663,https://www.imdb.com/title/tt2106476,"The Hunt",2012-06-13,8.3,https://image.tmdb.org/t/p/w500/jkixsXzRh28q3PCqFoWcf7unghT.jpg,146,115,"A teacher lives a lonely life, all the while struggling over his son's custody. His life slowly gets better as he finds love and receives good news from his son, but his new luck is about to be brutally shattered by an innocent li..."
218,55823,https://www.imdb.com/title/tt0052861,"The Great War",1959-10-28,8.1,https://image.tmdb.org/t/p/w500/aDvKsUb5y7GMNMz2HHNtuGww5t8.jpg,119,137,"The Italian Army fought against the Austrians during World War I."
219,20532,https://www.imdb.com/title/tt0047445,"Sansho the Bailiff",1954-03-31,8.4,https://image.tmdb.org/t/p/w500/cOBsWxFtEoqXIPx4JZP5E7g1WEo.jpg,147,124,"In medieval Japan, a compassionate governor is sent into exile. His wife and children try to join him, but are separated, and the children grow up amid suffering and oppression."
220,239,https://www.imdb.com/title/tt0053291,"Some Like It Hot",1959-03-19,8.2,https://image.tmdb.org/t/p/w500/hVIKyTK13AvOGv7ICmJjK44DTzp.jpg,50,121,"After two male musicians witness a mob hit, they flee the state in an all-female band disguised as women, but further complications set in."
221,46738,https://www.imdb.com/title/tt1255953,Incendies,2010-09-17,8.3,https://image.tmdb.org/t/p/w500/yH6DAQVgbyj72S66gN4WWVoTjuf.jpg,121,131,"Twins journey to the Middle East to discover their family history and fulfill their mother's last wishes."
222,470044,https://www.imdb.com/title/tt5580266,"The Hate U Give",2018-10-19,7.5,https://image.tmdb.org/t/p/w500/2icwBom0t5nmOuZI9FVXF3gkMK0.jpg,148,133,"Starr witnesses the fatal shooting of her childhood best friend Khalil at the hands of a police officer. Now, facing pressure from all sides of the community, Starr must find her voice and stand up for what's right."
223,11878,https://www.imdb.com/title/tt0055630,Yojimbo,1961-04-25,8.2,https://image.tmdb.org/t/p/w500/tN7kYPjRhDolpui9sc9Eq9n5b2O.jpg,15,110,"A crafty ronin comes to a town divided by two criminal gangs and decides to play them against each other to free the town."
224,755812,https://www.imdb.com/title/tt12816348,"Miraculous World: New York, United HeroeZ",2020-09-25,7.3,https://image.tmdb.org/t/p/w500/9YbyvcrHmY2SVbdfXpb8mC4Fy0g.jpg,149,52,"Marinette's class is headed to New York, the city of superheroes, for French American Friendship Week, but the American superheroes may find themselves in need of help while there."
225,664767,https://www.imdb.com/title/tt9580138,"Mortal Kombat Legends: Scorpion's Revenge",2020-04-12,7.4,https://image.tmdb.org/t/p/w500/iBvo3qOPcmhlqAaJcXcQHtx2qLk.jpg,150,80,"Hanzo Hasashi loses his family during an attack by a rival clan the Lin Kuei. He is given the chance to compete in an inter-dimensional tournament to save his loved ones while other fighters try to save the Earth realm from annihi..."
226,38,https://www.imdb.com/title/tt0338013,"Eternal Sunshine of the Spotless Mind",2004-03-19,8.3,https://image.tmdb.org/t/p/w500/5MwkWH9tYHv3mV9OdYTMR5qreIz.jpg,151,108,"When their relationship turns sour, a couple undergoes a medical procedure to have each other erased from their memories forever."
227,149871,https://www.imdb.com/title/tt2576852,"The Tale of The Princess Kaguya",2013-11-23,8.0,https://image.tmdb.org/t/p/w500/mWRQNlWXYYfd2z4FRm99MsgHgiA.jpg,16,137,"Kaguya is a beautiful young woman coveted by five nobles. To try to avoid marrying a stranger she doesn't love, she sends her suitors on seemingly impossible tasks. But she will have to face her fate and punishment for her choices."
228,11659,https://www.imdb.com/title/tt0346336,"The Best of Youth",2003-06-22,8.5,https://image.tmdb.org/t/p/w500/jKFeWrVshmFj8uG056O4tT5ZNTE.jpg,152,374,"An Italian epic that follows the lives of two brothers from the 1960s to the 2000s."
229,411088,https://www.imdb.com/title/tt4857264,"The Invisible Guest",2017-01-06,8.0,https://image.tmdb.org/t/p/w500/fptnZJbLzKUHeNlYrAynbyoL5YJ.jpg,153,106,"A young businessman wakes up in a hotel room locked from the inside with the dead body of his lover next to him. He hires a prestigious lawyer, and over one night they work together to clarify what happened in a frenetic race agai..."
230,2457,https://www.imdb.com/title/tt0037674,"Children of Paradise",1945-03-15,8.3,https://image.tmdb.org/t/p/w500/yiy9stl1jjVhW44ypkWMFDT8Ix3.jpg,154,189,"The theatrical life of a beautiful courtesan in 1830s Paris and the four men who love her."
231,387,https://www.imdb.com/title/tt0082096,"Das Boot",1981-09-17,8.4,https://image.tmdb.org/t/p/w500/u8FhQPncOAkwcei2OI9orPWhV6K.jpg,155,149,"A German U-boat stalks the frigid waters of the North Atlantic as its young crew experience the sheer terror and claustrophobic life of a submariner in World War II."
232,12445,https://www.imdb.com/title/tt1201607,"Harry Potter and the Deathly Hallows: Part 2",2011-07-12,8.1,https://image.tmdb.org/t/p/w500/c54HpQmuwXjHq2C9wmoACjxoom3.jpg,156,130,"As the battle between the forces of good and evil in the wizarding world escalates, Harry Potter draws ever closer to his final confrontation with Voldemort."
233,406,https://www.imdb.com/title/tt0113247,"La Haine",1995-05-31,8.1,https://image.tmdb.org/t/p/w500/a6DGCZC2fHNr07tyRumM30ALEKE.jpg,157,98,"24 hours in the lives of three young men in the French suburbs the day after a violent riot."
234,831827,https://www.imdb.com/title/tt14927356,"Far from the Tree",2021-11-24,7.5,https://image.tmdb.org/t/p/w500/b3NhrYsr1X5r7zgjJDRMNOqXZS9.jpg,158,7,"Curiosity gets the better of a young raccoon whose frustrated parent attempts to keep them both safe."
235,705,https://www.imdb.com/title/tt0042192,"All About Eve",1950-11-09,8.2,https://image.tmdb.org/t/p/w500/blBzZaatPWVuWpXEnPscMA4Xp6m.jpg,159,138,"A seemingly timid but secretly ruthless ingénue insinuates herself into the lives of an aging Broadway star and her circle of theater friends."
236,7345,https://www.imdb.com/title/tt0469494,"There Will Be Blood",2007-12-26,8.2,https://image.tmdb.org/t/p/w500/fa0RDkAlCec0STeMNAhPaF89q6U.jpg,160,158,"A story of family, religion, hatred, oil and madness, focusing on a turn-of-the-century prospector in the early days of the business."
237,762975,https://www.imdb.com/title/tt4614584,"Purple Hearts",2022-07-29,6.7,https://image.tmdb.org/t/p/w500/4JyNWkryifWbWXJyxcWh3pVya6N.jpg,161,122,"In spite of their many differences, Cassie, a struggling singer-songwriter, and Luke, a troubled Marine, agree to marry solely for military benefits, but when tragedy strikes, the line between real and pretend begins to blur."
238,832,https://www.imdb.com/title/tt0022100,M,1931-05-11,8.3,https://image.tmdb.org/t/p/w500/bTdZk3q2DWpBRnLiaaItKFWOVhI.jpg,144,99,"When the police in a German city are unable to catch a child-murderer, other criminals join in the manhunt."
239,518068,https://www.imdb.com/title/tt8116428,"Along with the Gods: The Last 49 Days",2018-08-01,7.1,https://image.tmdb.org/t/p/w500/9BnqBHFGDv3WlCPB2qQwzAWdy7y.jpg,162,142,"In the afterlife, one guardian helps a man through his trials, while his two colleagues help a former guardian on earth."
240,8392,https://www.imdb.com/title/tt0096283,"My Neighbor Totoro",1988-04-16,8.1,https://image.tmdb.org/t/p/w500/rtGDOeG9LzoerkDGZF9dnVeLppL.jpg,5,86,"When two girls move to the country to be near their ailing mother, they have adventures with the wondrous forest spirits who live nearby."
241,1091,https://www.imdb.com/title/tt0084787,"The Thing",1982-06-25,8.2,https://image.tmdb.org/t/p/w500/tzGY49kseSE9QAKk47uuDGwnSCu.jpg,163,109,"A research team in Antarctica is hunted by a shape-shifting alien that assumes the appearance of its victims."
242,397567,https://www.imdb.com/title/tt7160070,"Along with the Gods: The Two Worlds",2017-12-20,7.2,https://image.tmdb.org/t/p/w500/gJSvIsI6oQfFim0PGyuuiCYfqKs.jpg,162,139,"After a heroic death, a firefighter navigates the afterlife with the help of three guides."
243,439,https://www.imdb.com/title/tt0053779,"La Dolce Vita",1960-02-05,8.0,https://image.tmdb.org/t/p/w500/2KU52apQyvyZuPsqEGMcWb4BKu2.jpg,122,174,"A series of stories following a week in the life of a philandering tabloid journalist living in Rome."
244,31439,https://www.imdb.com/title/tt0110081,"To Live",1994-05-18,8.3,https://image.tmdb.org/t/p/w500/bv0qREWTw8TPAtgt22ELp1UlKVl.jpg,164,133,"After Fugui and Jiazhen lose their personal fortunes, they raise a family and survive difficult cultural changes during 1940s to 1970s China."
245,62,https://www.imdb.com/title/tt0062622,"2001: A Space Odyssey",1968-04-02,8.3,https://image.tmdb.org/t/p/w500/ve72VxNqjGM69Uky4WTo2bK6rfq.jpg,60,149,"When a mysterious artifact is uncovered on the Moon, a spacecraft manned by two humans and one supercomputer is sent to Jupiter to find its origins."
246,359940,https://www.imdb.com/title/tt5027774,"Three Billboards Outside Ebbing, Missouri",2017-12-01,8.1,https://image.tmdb.org/t/p/w500/uGMM9ZObmPUFrGqcbFMVyv8L1lU.jpg,165,115,"A mother personally challenges the local authorities to solve her daughter's murder when they fail to catch the culprit."
247,21634,https://www.imdb.com/title/tt1073510,"Prayers for Bobby",2009-01-24,8.0,https://image.tmdb.org/t/p/w500/1viFwXluAettogGDsTrSUUg29lZ.jpg,166,90,"True story of Mary Griffith, gay rights crusader, whose teenage son committed suicide due to her religious intolerance. Based on the book of the same title by Leroy Aarons."
248,11423,https://www.imdb.com/title/tt0353969,"Memories of Murder",2003-04-25,8.1,https://image.tmdb.org/t/p/w500/jcgUjx1QcupGzjntTVlnQ15lHqy.jpg,8,132,"In a small Korean province in 1986, two detectives struggle with the case of multiple young women being found raped and murdered by an unknown culprit."
249,4348,https://www.imdb.com/title/tt0414387,"Pride & Prejudice",2005-09-16,7.8,https://image.tmdb.org/t/p/w500/jnsoq5q98DQaE8yw6WZH0F9dW5G.jpg,167,129,"When Elizabeth Bennet meets the handsome Mr. Darcy, she believes he is the last man she could ever marry, but as their lives become intertwined, she finds herself captivated by the man she has sworn to hate forever."
250,522518,https://www.imdb.com/title/tt8385474,"A Dog's Journey",2019-05-03,7.4,https://image.tmdb.org/t/p/w500/wquJChp0NpoqthYdE3YjXNNxvVC.jpg,168,109,"A dog finds the meaning of his own existence through the lives of the humans he meets."
251,7347,https://www.imdb.com/title/tt0861739,"Elite Squad",2007-10-12,8.0,https://image.tmdb.org/t/p/w500/lwIXz785N2fXi8hsBr1IXciFlkM.jpg,169,115,"In 1997 Rio de Janeiro, Captain Nascimento has to find a substitute for his position while trying to take down drug dealers and criminals before the Pope visits."
252,532067,https://www.imdb.com/title/tt9239552,"KONOSUBA – God's blessing on this wonderful world! Legend of Crimson",2019-08-30,7.8,https://image.tmdb.org/t/p/w500/fv5BgcfkpWh3V6Pb1qVlXESBOdl.jpg,170,90,"Kazuma's party is suddenly alerted by an outrageous letter delivered by Yunyun. The letter requested that they come to the Crimson Demon Clan's village, that is facing a threat that could mean it's ending."
253,992,https://www.imdb.com/title/tt0015324,"Sherlock Jr.",1924-04-17,8.2,https://image.tmdb.org/t/p/w500/1G9r3rqtbFAQuyWKOZm4Y5J5s7Q.jpg,171,45,"A film projectionist longs to be a detective, and puts his meagre skills to work when he is framed by a rival for stealing his girlfriend's father's pocketwatch."
254,548,https://www.imdb.com/title/tt0042876,Rashomon,1950-08-26,8.2,https://image.tmdb.org/t/p/w500/vL7Xw04nFMHwnvXRFCmYYAzMUvY.jpg,15,88,"The rape of a bride and the murder of her samurai husband are recalled from the perspectives of a bandit, the bride, the samurai's ghost and a woodcutter."
255,550776,https://www.imdb.com/title/tt9072202,"Believe Me: The Abduction of Lisa McVey",2018-09-30,7.2,https://image.tmdb.org/t/p/w500/qbJEzCzEKDHPZDiRvSSBiYEKaAH.jpg,172,87,"On the night she plans to take her own life, a 17-year-old girl is kidnapped and finds herself fighting to stay alive. She is released, but when she returns home, no one believes her story except for one detective."
256,872585,https://www.imdb.com/title/tt15398776,Oppenheimer,2023-07-19,8.3,https://image.tmdb.org/t/p/w500/8Gxv8gSFCU0XGDykEGv7zR1n2ua.jpg,6,180,"A dramatization of the life story of J. Robert Oppenheimer, the physicist who had a large hand in the development of the atomic bombs that brought an end to World War II."
257,381284,https://www.imdb.com/title/tt4846340,"Hidden Figures",2016-12-10,7.8,https://image.tmdb.org/t/p/w500/9lfz2W2uGjyow3am00rsPJ8iOyq.jpg,173,127,"Three female African-American mathematicians play a pivotal role in astronaut John Glenn's launch into orbit while dealing with racial and gender discrimination."
258,11645,https://www.imdb.com/title/tt0089881,Ran,1985-06-01,8.2,https://image.tmdb.org/t/p/w500/jQnUtWaHYfqnXPOIf77K7Ycqk4M.jpg,15,160,"In Medieval Japan, an elderly warlord retires, handing over his empire to his three sons. However, he vastly underestimates how the new-found power will corrupt them and cause them to turn on each other...and him."
259,42229,https://www.imdb.com/title/tt0076085,"A Special Day",1977-08-11,8.1,https://image.tmdb.org/t/p/w500/jzRn7N1mFowkQ5IkUkfWoxXJtYU.jpg,53,103,"Two neighbors, a persecuted journalist and a resigned housewife, meet during Hitler's visit to Italy in May 1938."
260,1955,https://www.imdb.com/title/tt0080678,"The Elephant Man",1980-10-09,8.2,https://image.tmdb.org/t/p/w500/u0wpPYjuSt8DIe1Y3Vapnh8jcKE.jpg,174,124,"A Victorian surgeon rescues a heavily disfigured man who is mistreated while scraping a living as a side-show freak. Behind his monstrous façade, there is revealed a person of kindness, intelligence and sophistication."
261,1244492,https://www.imdb.com/title/tt31711040,"Look Back",2024-06-28,7.8,https://image.tmdb.org/t/p/w500/AgBNLcHFEXCRFZuKv0H8RWMxNAJ.jpg,175,58,"The overly confident Fujino and the shut-in Kyomoto couldn't be more different, but a love of drawing manga brings these two small-town girls together."
262,698687,https://www.imdb.com/title/tt8864596,"Transformers One",2024-09-11,7.6,https://image.tmdb.org/t/p/w500/iRCgqpdVE4wyLQvGYU3ZP7pAtUc.jpg,176,104,"The untold origin story of Optimus Prime and Megatron, better known as sworn enemies, but who once were friends bonded like brothers who changed the fate of Cybertron forever."
263,555604,https://www.imdb.com/title/tt1488589,"Guillermo del Toro's Pinocchio",2022-11-09,7.6,https://image.tmdb.org/t/p/w500/vx1u0uwxdlhV2MUzj4VlcMB0N6m.jpg,177,117,"A father's wish magically brings a wooden boy to life in Italy, giving him a chance to care for the child."
264,1064486,https://www.imdb.com/title/tt23770030,"Memoir of a Snail",2024-10-17,7.8,https://image.tmdb.org/t/p/w500/woaN8CbloH0akyX0E72ayxlJAB4.jpg,178,95,"A bittersweet memoir of a melancholic woman called Grace Pudel - a hoarder of snails, romance novels, and guinea pigs."
265,437068,https://www.imdb.com/title/tt6878038,"A Taxi Driver",2017-08-02,7.9,https://image.tmdb.org/t/p/w500/iXVaWbxmyPk4KZGZk5GGDGFieMX.jpg,179,137,"A widowed father and taxi driver who drives a German reporter from Seoul to Gwangju to cover the 1980 uprising, soon finds himself regretting his decision after being caught in the violence around him."
266,800,https://www.imdb.com/title/tt0042804,"The Young and the Damned",1950-12-09,8.2,https://image.tmdb.org/t/p/w500/cDCvmYoyqFg4CuSMtGMvCpfOIEw.jpg,180,80,"A group of juvenile delinquents live a violent and crime-filled life in the festering slums of Mexico City, as the morals of young Pedro are gradually corrupted and destroyed by the others."
267,980477,https://www.imdb.com/title/tt34956443,"Ne Zha 2",2025-01-29,8.1,https://image.tmdb.org/t/p/w500/cb5NyNrqiCNNoDkA8FfxHAtypdG.jpg,181,144,"After a great catastrophe, the souls of Nezha and Aobing are saved, but their bodies face ruin. To give them new life, Taiyi Zhenren turns to the mystical seven-colored lotus in a daring bid to rebuild them and change their fate."
268,640344,https://www.imdb.com/title/tt11559652,"Me Against You: Mr. S's Vendetta",2020-01-17,1.6,https://image.tmdb.org/t/p/w500/sfeQTIRkJjWt8IPDSBcPqkrcaas.jpg,182,64,"Luì and Sofì fight the terrible Signor S once again, this time he will be revealed to the public!!!"
269,334543,https://www.imdb.com/title/tt3741834,Lion,2016-11-24,8.0,https://image.tmdb.org/t/p/w500/iBGRbLvg6kVc7wbS8wDdVHq6otm.jpg,183,118,"A five-year-old Indian boy is adopted by an Australian couple after getting lost hundreds of kilometers from home. 25 years later, he sets out to find his lost family."
270,472454,https://www.imdb.com/title/tt6316138,"Ayla: The Daughter of War",2017-10-27,8.2,https://image.tmdb.org/t/p/w500/jb7oT0nNiLElnmBC01lMm2GaR26.jpg,184,125,"Sergeant Süleyman finds a little girl on a battlefield during the Korean War. He takes her and names her Ayla. Fifteen months later, Süleyman's brigade is told they will be returning to Turkey, and he is reluctant to leave her beh..."
271,120467,https://www.imdb.com/title/tt2278388,"The Grand Budapest Hotel",2014-02-26,8.1,https://image.tmdb.org/t/p/w500/eWdyYQreja6JGCzqHWXpWHDrrPo.jpg,185,99,"A writer encounters the owner of an aging high-class hotel, who tells him of his early years serving as a lobby boy in the hotel's glorious years under an exceptional concierge."
272,1087192,https://www.imdb.com/title/tt26743210,"How to Train Your Dragon",2025-06-06,7.8,https://image.tmdb.org/t/p/w500/q5pXRYTycaeW6dEgsCrd4mYPmxM.jpg,186,125,"As an ancient threat endangers both Vikings and dragons alike on the isle of Berk, the friendship between Hiccup, an inventive Viking, and Toothless, a Night Fury dragon, becomes the key to both species forging a new future together."
273,638507,https://www.imdb.com/title/tt11112140,"How to Train Your Dragon: Homecoming",2019-12-03,7.3,https://image.tmdb.org/t/p/w500/kXj2Qrfm994yLeuADqbOieU1mUH.jpg,187,22,"Hiccup and Toothless reunite to remind both their kinds of the inseparable bond between vikings and dragons."
274,26022,https://www.imdb.com/title/tt1188996,"My Name Is Khan",2010-02-10,7.9,https://image.tmdb.org/t/p/w500/5Y36lCiNyyV71mjq6LavgiggbhT.jpg,188,165,"Rizwan Khan is a Muslim immigrant to the US with Asperger's syndrome. After his family falls apart in the aftermath of 9/11, he begins an epic quest across the country to speak to the President of the United States and clear his n..."
275,582,https://www.imdb.com/title/tt0405094,"The Lives of Others",2006-03-23,8.4,https://image.tmdb.org/t/p/w500/cVUDMnskSc01rdbyH0tLATTJUdP.jpg,189,137,"In 1984 East Berlin, an agent of the secret police conducting surveillance on a writer and his lover finds himself becoming increasingly absorbed by their lives."
276,400608,https://www.imdb.com/title/tt5192124,"Bo Burnham: Make Happy",2016-06-03,8.3,https://image.tmdb.org/t/p/w500/A580BbHTvQbbFgbmf9CkWNhbLzb.jpg,190,60,"Bo Burnham tackles life, death, sexuality, hypocrisy, mental illness and Pringles cans in his dazzling new stand-up special."
277,310569,https://www.imdb.com/title/tt3742378,"The Second Mother",2015-06-04,7.8,https://image.tmdb.org/t/p/w500/u1tDQun2iJAzersd94S8P47WEOL.jpg,191,112,"When the estranged daughter of a hard-working live-in housekeeper suddenly appears, the unspoken class barriers that exist within the home are thrown into disarray."
278,538362,https://www.imdb.com/title/tt7121252,"On My Skin",2018-09-12,7.3,https://image.tmdb.org/t/p/w500/rwPgE6fLxuJmPWi8fFjgENJMAjr.jpg,192,100,"The incredible true story behind the most controversial Italian court cases in recent years. Stefano Cucchi was arrested for a minor crime but in just one week's time, a family is changed forever."
279,106646,https://www.imdb.com/title/tt0993846,"The Wolf of Wall Street",2013-12-25,8.2,https://image.tmdb.org/t/p/w500/kW9LmvYHAaS9iA0tHmZVq8hQYoq.jpg,14,180,"Based on the true story of Jordan Belfort, from his rise to a wealthy stock-broker living the high life to his fall involving crime, corruption and the federal government."
280,9277,https://www.imdb.com/title/tt0070735,"The Sting",1973-12-25,8.3,https://image.tmdb.org/t/p/w500/ckmYng37zey8INYf6d10cVgIG93.jpg,193,129,"Two grifters team up to pull off the ultimate con."
281,821,https://www.imdb.com/title/tt0055031,"Judgment at Nuremberg",1961-12-18,8.3,https://image.tmdb.org/t/p/w500/b6vYatvui1EXeFYfpDX4rcbueuP.jpg,194,179,"Fictionalized depiction of the 1947 Judges' Trial, the third of 12 trials of Nazi war criminals conducted by the American occupying forces in Nuremberg, Germany, in which former judges of Nazi Germany were tried for their actions."
282,755898,https://www.imdb.com/title/tt13186306,"War of the Worlds",2025-07-29,3.4,https://image.tmdb.org/t/p/w500/yvirUYrva23IudARHn3mMGVxWqM.jpg,195,91,"A colossal invasion of Earth is coming in this off-kilter take on the legendary novel of the same name, filled with present-day themes of technology, government surveillance, and privacy."
283,911430,https://www.imdb.com/title/tt16311594,F1,2025-06-25,7.9,https://image.tmdb.org/t/p/w500/9PXZIUsSDh4alB80jheWX4fhZmy.jpg,104,155,"A Formula One driver comes out of retirement to mentor and team up with a younger driver."
284,1007734,https://www.imdb.com/title/tt28996126,"Nobody 2",2025-08-13,6.7,https://image.tmdb.org/t/p/w500/svXVRoRSu6zzFtCzkRsjZS7Lqpd.jpg,197,89,"Suburban dad Hutch Mansell, a former lethal assassin, is pulled back into his violent past after thwarting a home invasion, setting off a chain of events that unravels secrets about his wife Becca's past and his own."
285,575265,https://www.imdb.com/title/tt9603208,"Mission: Impossible - The Final Reckoning",2025-05-17,7.4,https://image.tmdb.org/t/p/w500/z53D72EAOxGRqdr7KXXWp9dJiDe.jpg,198,169,"Hunt and the IMF pursue a dangerous AI called the Entity that's infiltrated global intelligence. With governments and a figure from his past in pursuit, Hunt races to stop it from forever changing the world."
286,1242011,https://www.imdb.com/title/tt31184028,Together,2025-07-23,6.2,https://image.tmdb.org/t/p/w500/6MJxjNxjgAtuBEOVYtuF4yUYXZC.jpg,199,102,"Years into their relationship, Tim and Millie find themselves at a crossroads as they move to the country. With tensions already flaring, an encounter with an unnatural force threatens to corrupt their lives, their love and their ..."
287,1061474,https://www.imdb.com/title/tt5950044,Superman,2025-07-09,7.6,https://image.tmdb.org/t/p/w500/ombsmhYUqR4qqOLOxAyr5V8hbyv.jpg,200,129,"Superman must reconcile his alien Kryptonian heritage with his human upbringing as reporter Clark Kent. As the embodiment of truth, justice and the human way he soon finds himself in a world that views these as old-fashioned."
288,1151334,https://www.imdb.com/title/tt15514498,"Eenie Meanie",2025-08-21,6.0,https://image.tmdb.org/t/p/w500/12Va3oO3oYUdOd75zM57Nx1976a.jpg,201,106,"A reformed teenage getaway driver is dragged back into her unsavory past when a former employer offers her a chance to save the life of her chronically unreliable ex-boyfriend."
302,1083433,https://www.imdb.com/title/tt4045450,"I Know What You Did Last Summer",2025-07-16,5.5,https://image.tmdb.org/t/p/w500/A06yXys3hrCWu8xiNoHCFLTG5SH.jpg,215,111,"A group of friends are terrorised by a stalker who knows about a gruesome incident from their past."
303,13494,https://www.imdb.com/title/tt0800175,"Red Sonja",2025-07-31,4.9,https://image.tmdb.org/t/p/w500/l10eghFN1nQmWwMSt91MlLvZZFA.jpg,216,110,"An adaptation of the comic book, Red Sonja, a vengeful warrior known as a "She-Devil with a sword"."
304,1367575,https://www.imdb.com/title/tt33712667,"A Line of Fire",2025-04-05,NULL,https://image.tmdb.org/t/p/w500/jSG2mg1998DUAam6X9EA6SeJmqD.jpg,217,90,"An ex-FBI agent is pulled back into a dangerous world when his former partner's niece asks for his help."
305,1311031,https://www.imdb.com/title/tt32820897,"Demon Slayer: Kimetsu no Yaiba Infinity Castle",2025-07-18,8.7,https://image.tmdb.org/t/p/w500/aFRDH3P7TX61FVGpaLhKr6QiOC1.jpg,87,155,"The Demon Slayer Corps are drawn into the Infinity Castle, where Tanjiro, Nezuko, and the Hashira face terrifying Upper Rank demons in a desperate fight as the final battle against Muzan Kibutsuji begins."
306,1234821,https://www.imdb.com/title/tt31036941,"Jurassic World Rebirth",2025-07-01,6.0,https://image.tmdb.org/t/p/w500/1RICxzeoNCAO5NpcRMIgg1XT6fm.jpg,219,133,"Five years post-Jurassic World: Dominion (2022), an expedition braves isolated equatorial regions to extract DNA from three massive prehistoric creatures for a groundbreaking medical breakthrough."
307,1175942,https://www.imdb.com/title/tt30017619,"The Bad Guys 2",2025-07-24,7.1,https://image.tmdb.org/t/p/w500/5DJbIWxIotQYUnRrRGhSxjxmvye.jpg,220,104,"The Bad Guys are struggling to find trust and acceptance in their newly minted lives as Good Guys, when they are pulled out of retirement and forced to do "one last job" by an all-female squad of criminals."
309,1382406,https://www.imdb.com/title/tt34466483,"Striking Rescue",2024-12-05,5.6,https://image.tmdb.org/t/p/w500/nML8rOI4GOiiEsXgknuhZeUF8M7.jpg,222,111,"A veteran Muay Thai expert goes on a take-no-prisoners mission of revenge after his wife and daughter are brutally murdered by mysterious forces."
310,660033,https://www.imdb.com/title/tt10804178,"How I Became a Gangster",2019-12-25,6.9,https://image.tmdb.org/t/p/w500/oEvk45mBpE6s6wmIjvCTbdaMMpB.jpg,223,140,"A polish gangster discovers the senselessness of his life."
311,1035259,https://www.imdb.com/title/tt3402138,"The Naked Gun",2025-07-30,7.0,https://image.tmdb.org/t/p/w500/aq0JMbmSfPwG8JvAzExJPrBHqmG.jpg,224,85,"Only one man has the particular set of skills - to lead Police Squad and save the world."
312,1078605,https://www.imdb.com/title/tt26581740,Weapons,2025-08-04,7.8,https://image.tmdb.org/t/p/w500/cpf7vsRZ0MYRQcnLWteD5jK9ymT.jpg,225,128,"When all but one child from the same class mysteriously vanish on the same night at exactly the same time, a community is left questioning who or what is behind their disappearance."
313,1022787,https://www.imdb.com/title/tt4900148,Elio,2025-06-18,6.9,https://image.tmdb.org/t/p/w500/w2ARwtc1zoh0pyfwmyhpZHwuXgK.jpg,226,98,"Elio, a space fanatic with an active imagination, finds himself on a cosmic misadventure where he must form new bonds with alien lifeforms, navigate a crisis of intergalactic proportions and somehow discover who he is truly meant ..."
315,1389158,https://www.imdb.com/title/tt30496762,Maa,2025-06-20,5.1,https://image.tmdb.org/t/p/w500/kc5n7LJUmvBsVxzAla1ONN8kouP.jpg,228,133,"A mother transforms into the goddess Kali to battle a demon's curse involving fear, blood, and betrayal."
316,1024592,https://www.imdb.com/title/tt32356994,"God's Not Dead: In God We Trust",2024-09-12,3.1,https://image.tmdb.org/t/p/w500/eb0KuIknUNKMunKTZQMn8hKyM7l.jpg,229,96,"Amid political and spiritual turmoil, Reverend David Hill steps up to run for Congress. Opponent Peter Kane, aims to erase religion from policy, and the fight becomes a beacon of hope for people seeking moral leadership in a divid..."
317,1241470,https://www.imdb.com/title/tt31179712,Osiris,2025-07-25,NULL,https://image.tmdb.org/t/p/w500/3YtZHtXPNG5AleisgEatEfZOT2w.jpg,230,108,"Special Forces commandos are abducted mid-operation by a mysterious spacecraft and, upon awakening, find themselves prey to a relentless alien race in a fight for survival."
318,70196,https://www.imdb.com/title/tt1653700,"The Veteran",2011-04-29,5.8,https://image.tmdb.org/t/p/w500/i1gSsXTWtCmNQArmIeUpAysHEmi.jpg,231,98,"A soldier returning from the war in Afghanistan uncovers a conspiracy involving the intelligence services and a gang of drug dealers."
320,744653,https://www.imdb.com/title/tt12001534,"The Thursday Murder Club",2025-08-22,6.9,https://image.tmdb.org/t/p/w500/tzrJulItjttxzoX0t3B2My46TS7.jpg,233,118,"Four irrepressible retirees spend their time solving cold case murders for fun, but their casual sleuthing takes a thrilling turn when they find themselves with a real whodunit on their hands."
321,1300116,https://www.imdb.com/title/tt32543884,"Fall for Me",2025-08-20,NULL,https://image.tmdb.org/t/p/w500/nLTs9SNBuk3DuB8D0p3mSsPYN7J.jpg,234,103,"Lilli visits her sister Valeria, surprised to learn she's engaged to a Frenchman, Manu. She spontaneously meets nightclub manager Tom, sparking an instant connection. A dark secret lurks behind the island's events.&lt;"
322,1319895,https://www.imdb.com/title/tt31727397,"Hostile Takeover",2025-08-08,4.7,https://image.tmdb.org/t/p/w500/vntwlS3CAKfoLTs90GaoK6lymBC.jpg,235,89,"Follows Pete, a professional hitman, as he faces a group of assassins after the boss of a crime syndicate suspects disloyalty due to his attendance at Workaholics Anonymous meetings."
323,926606,https://www.imdb.com/title/tt17023012,"The Home",2025-07-24,5.5,https://image.tmdb.org/t/p/w500/qyGY1k5GqAORsVhfZA3gFKirZWD.jpg,236,95,"Follows Max, who realizes that the residents and caretakers in the retirement home he started working at hide sinister secrets."
324,617126,https://www.imdb.com/title/tt10676052,"The Fantastic 4: First Steps",2025-07-23,7.3,https://image.tmdb.org/t/p/w500/x26MtUlwtWD26d0G0FXcppxCJio.jpg,237,114,"Forced to balance their roles as heroes with the strength of their family bond, the Fantastic Four must defend Earth from a ravenous space god called Galactus and his enigmatic Herald, Silver Surfer."
325,1125257,https://www.imdb.com/title/tt31956415,"Freakier Friday",2025-08-06,7.0,https://image.tmdb.org/t/p/w500/9wV65OmsjLAqBfDnYTkMPutXH8j.jpg,238,110,"22 years after Tess and Anna endured an identity crisis, Anna now has a daughter and a soon-to-be stepdaughter. As they navigate the challenges that come when two families merge, Tess and Anna discover that lightning might strike ..."
326,1506456,https://www.imdb.com/title/tt37145854,Maalikaya,2025-07-25,NULL,https://image.tmdb.org/t/p/w500/4DJmVEm6JupITScpsSjyyrvOMGr.jpg,239,70,"Behind prison walls, inmate Kara explores her deepest desires and forms an intense connection with the alluring Lila, while struggling to escape the shadows of her troubled past."
328,1355666,https://www.imdb.com/title/tt33549683,"Love Untangled",2025-08-28,NULL,https://image.tmdb.org/t/p/w500/pp6Rg9Ls2g7EaLhJriHx1gI99h.jpg,241,118,"Follows 19-year-old Park Se-ri as she plans to straighten her perpetually frizzy hair before making a life-changing confession, all while getting entangled with transfer student Han Yun-seok."
329,1038392,https://www.imdb.com/title/tt22898462,"The Conjuring: Last Rites",2025-09-03,NULL,https://image.tmdb.org/t/p/w500/8XfIKOPmuCZLh5ooK13SPKeybWF.jpg,242,NULL,"Paranormal investigators Ed and Lorraine Warren take on one last terrifying case involving mysterious entities they must confront."
330,552524,https://www.imdb.com/title/tt11655566,"Lilo & Stitch",2025-05-17,6.9,https://image.tmdb.org/t/p/w500/tUae3mefrDVTgm5mRzqWnZK6fOP.jpg,243,108,"A lonely Hawaiian girl befriends a runaway alien, helping to mend her fragmented family."
331,541671,https://www.imdb.com/title/tt7181546,Ballerina,2025-06-04,6.9,https://image.tmdb.org/t/p/w500/lIpIFzENkZEOStamt76U3JRc0nC.jpg,244,124,"An assassin trained in the traditions of the Ruska Roma organization sets out to seek revenge after her father's death."
332,986056,https://www.imdb.com/title/tt20969586,Thunderbolts*,2025-04-30,7.2,https://image.tmdb.org/t/p/w500/8z03qu64snrO7FtUoCGEXWJMF0H.jpg,245,127,"After finding themselves ensnared in a death trap, an unconventional team of antiheroes must go on a dangerous mission that will force them to confront the darkest corners of their pasts."
333,7451,https://www.imdb.com/title/tt0295701,xXx,2002-08-09,5.9,https://image.tmdb.org/t/p/w500/xeEw3eLeSFmJgXZzmF2Efww0q3s.jpg,246,124,"The US government recruits extreme sports athlete Xander Cage to infiltrate a Russian criminal ring, which is plotting the destruction of the world."
334,986206,https://www.imdb.com/title/tt12410182,"Night Carnage",2025-07-29,2.5,https://image.tmdb.org/t/p/w500/w0wjPQKhlqisSbylf1sWZiNyc2h.jpg,247,80,"A werewolf blogger encounters a charming playboy hiding his own mysterious secret."
